"Response ID","Date submitted","Last page","Start language","Seed","Date started","Date last action","Which of the following describes your role in relation to software systems in your organization? [Management]","Which of the following describes your role in relation to software systems in your organization? [Technical]","Which of the following describes your role in relation to software systems in your organization? [Non-Technical]","Which domains best describe the software systems you primarily work with?  [Mobile application]","Which domains best describe the software systems you primarily work with?  [IoT (Internet of Things) or embedded software]","Which domains best describe the software systems you primarily work with?  [Web application]","Which domains best describe the software systems you primarily work with?  [Platform or infrastructure software (e.g., Kubernetes, CI/CD platforms, runtime environments)]","Which domains best describe the software systems you primarily work with?  [Business / Enterprise application]","Which domains best describe the software systems you primarily work with?  [Other]","How large is your organization?","Who holds formal decision authority for sustainability-related decisions regarding software systems in your organization? ","Which workload types characterize the majority of the software systems you primarily work with?  [Transactional application workloads (e.g., web applications, APIs)]","Which workload types characterize the majority of the software systems you primarily work with?  [Data analytics / reporting workloads]","Which workload types characterize the majority of the software systems you primarily work with?  [Event-driven / real-time workloads (e.g., message queues, streaming platforms)]","Which workload types characterize the majority of the software systems you primarily work with?  [Batch processing / data pipelines (e.g., Extract–Transform–Load (ETL), scheduled jobs)]","Which workload types characterize the majority of the software systems you primarily work with?  [Machine learning / artificial intelligence (e.g., training or inference)]","Which workload types characterize the majority of the software systems you primarily work with?  [Embedded / edge workloads]","Which workload types characterize the majority of the software systems you primarily work with?  [High-performance or compute-intensive workloads (e.g., simulations, scientific computing)]","Which workload types characterize the majority of the software systems you primarily work with?  [Other]","Which roles are involved in activities related to green software metrics (e.g., defining, assessing, interpreting, or decision-making) within your organization?     [Developers]","Which roles are involved in activities related to green software metrics (e.g., defining, assessing, interpreting, or decision-making) within your organization?     [Architects]","Which roles are involved in activities related to green software metrics (e.g., defining, assessing, interpreting, or decision-making) within your organization?     [DevOps / SRE (Site Reliability Engineering)]","Which roles are involved in activities related to green software metrics (e.g., defining, assessing, interpreting, or decision-making) within your organization?     [Product / Management]","Which roles are involved in activities related to green software metrics (e.g., defining, assessing, interpreting, or decision-making) within your organization?     [Sustainability / ESG (Environmental, Social, and Governance)]","Which roles are involved in activities related to green software metrics (e.g., defining, assessing, interpreting, or decision-making) within your organization?     [Operations / IT]","Which roles are involved in activities related to green software metrics (e.g., defining, assessing, interpreting, or decision-making) within your organization?     [External stakeholders / customers]","Which roles are involved in activities related to green software metrics (e.g., defining, assessing, interpreting, or decision-making) within your organization?     [Other]","How would you rate the sustainability maturity of the software systems you primarily work with? ","Which runtime environments are used by the majority of the software systems you primarily work with?  [Bare metal]","Which runtime environments are used by the majority of the software systems you primarily work with?  [Virtual machines]","Which runtime environments are used by the majority of the software systems you primarily work with?  [Containers]","Which runtime environments are used by the majority of the software systems you primarily work with?  [Serverless]","Which architectural style best describes the majority of the software systems you primarily work with? ","Which architectural style best describes the majority of the software systems you primarily work with?  [Other]","Where do the majority of the software systems you primarily work with run?     [Self-operated infrastructure with full administrative access (e.g., on-premises servers, edge devices, embedded systems)]","Where do the majority of the software systems you primarily work with run?     [Hosted or colocated infrastructure with full administrative access (e.g., own hardware in external data centers)]","Where do the majority of the software systems you primarily work with run?     [External infrastructure provider with virtual machine access (e.g., root/admin access to VMs)]","Where do the majority of the software systems you primarily work with run?     [External infrastructure provider with platform-level access (e.g., containers or PaaS without host access)]","Where do the majority of the software systems you primarily work with run?     [Fully managed or serverless services (e.g., functions, managed databases, SaaS components)]","How important are the following objectives for your organization? [CO₂ reduction]","How important are the following objectives for your organization? [Energy reduction]","How important are the following objectives for your organization? [Cost reduction]","How important are the following objectives for your organization? [Performance / latency]","How important are the following objectives for your organization? [Compliance / reporting]","Does energy consumption currently influence decision-making in the software systems you primarily work with? ","How strongly do you agree or disagree with the following statement? [Reducing energy consumption through software optimization is worth the required effort for our organization.]","       Which factors hinder the measurement of energy consumption for the software systems you primarily work with?  [Lack of comparable methods]","       Which factors hinder the measurement of energy consumption for the software systems you primarily work with?  [Lack of ground truth (direct power measurements)]","       Which factors hinder the measurement of energy consumption for the software systems you primarily work with?  [High tooling overhead]","       Which factors hinder the measurement of energy consumption for the software systems you primarily work with?  [High data integration effort]","       Which factors hinder the measurement of energy consumption for the software systems you primarily work with?  [Unclear responsibilities]","       Which factors hinder the measurement of energy consumption for the software systems you primarily work with?  [Skills gaps]","       Which factors hinder the measurement of energy consumption for the software systems you primarily work with?  [Cost of instrumentation]","       Which factors hinder the measurement of energy consumption for the software systems you primarily work with?  [Restricted access due to provider or organizational policies]","       Which factors hinder the measurement of energy consumption for the software systems you primarily work with?  [Inconsistent results across environments]","       Which factors hinder the measurement of energy consumption for the software systems you primarily work with?  [None – no significant hindering factors identified]","       Which factors hinder the measurement of energy consumption for the software systems you primarily work with?  [Other]","Which improvements would help enable or enhance energy measurement for the software systems you primarily work with?  [Standardized energy and sustainability metrics (definitions, units, formats)]","Which improvements would help enable or enhance energy measurement for the software systems you primarily work with?  [Clear measurement procedures or checklists]","Which improvements would help enable or enhance energy measurement for the software systems you primarily work with?  [Guidance on appropriate measurement granularity (e.g., system, service, transaction level)]","Which improvements would help enable or enhance energy measurement for the software systems you primarily work with?  [Guidelines or templates for reporting uncertainty and accuracy]","Which improvements would help enable or enhance energy measurement for the software systems you primarily work with?  [Reference dashboards or key performance indicators (KPIs)]","Which improvements would help enable or enhance energy measurement for the software systems you primarily work with?  [Patterns for integrating measurements into CI/CD pipelines]","Which improvements would help enable or enhance energy measurement for the software systems you primarily work with?  [Other]","Do you think additional regulation or policy incentives are needed to increase the practical relevance of energy-efficient software? ","How often are decisions regarding the software systems you primarily work with based on energy consumption? ","Are green or energy-related requirements formally part of the design process for the software systems you primarily work with? ","Which metrics are currently tracked for the software systems you primarily work with?  [Power consumption (e.g., watt)]","Which metrics are currently tracked for the software systems you primarily work with?  [Energy consumption (e.g., kWh, joule)]","Which metrics are currently tracked for the software systems you primarily work with?  [CO₂e emissions]","Which metrics are currently tracked for the software systems you primarily work with?  [Water consumption / water footprint]","Which metrics are currently tracked for the software systems you primarily work with?  [Costs used as a proxy for energy or CO₂e]","Which metrics are currently tracked for the software systems you primarily work with?  [Software Carbon Intensity (SCI)]","Which metrics are currently tracked for the software systems you primarily work with?  [CPU utilization]","Which metrics are currently tracked for the software systems you primarily work with?  [Memory utilization]","Which metrics are currently tracked for the software systems you primarily work with?  [Disk I/O]","Which metrics are currently tracked for the software systems you primarily work with?  [Network utilization]","Which metrics are currently tracked for the software systems you primarily work with?  [Response time / latency]","Which metrics are currently tracked for the software systems you primarily work with?  [Throughput / traffic]","Which metrics are currently tracked for the software systems you primarily work with?  [Error rate]","Which metrics are currently tracked for the software systems you primarily work with?  [Other]","Are CO₂e emissions differentiated by emission scope (Scope 1, 2, 3)?","In which phases of the software life cycle are energy measurements performed?   [Development]","In which phases of the software life cycle are energy measurements performed?   [Testing / Quality Assurance (QA)]","In which phases of the software life cycle are energy measurements performed?   [Production / operations]","In which phases of the software life cycle are energy measurements performed?   [Maintenance / refactoring]","In which phases of the software life cycle are energy measurements performed?   [Ad hoc / exploratory measurements]","In which phases of the software life cycle are energy measurements performed?   [Other]","What are the scopes of observation when measuring energy or resource consumption?  [Infrastructure – physical hardware (server / node / rack)]","What are the scopes of observation when measuring energy or resource consumption?  [Infrastructure – virtual machine (VM)]","What are the scopes of observation when measuring energy or resource consumption?  [Infrastructure – container or pod]","What are the scopes of observation when measuring energy or resource consumption?  [Software – service or component (module)]","What are the scopes of observation when measuring energy or resource consumption?  [Software – transaction or request (API call, inference request)]","What are the scopes of observation when measuring energy or resource consumption?  [Software – code level or static analysis]","What are the scopes of observation when measuring energy or resource consumption?  [Other]","Is the assessment of energy or resource consumption automated in your organization? ","In which runtime environments are measurements taken?  [Bare metal]","In which runtime environments are measurements taken?  [Virtual machines]","In which runtime environments are measurements taken?  [Containers]","In which runtime environments are measurements taken?  [Serverless         ]","How likely is your organization to take the following action within the next 12 months?  [Adopt structured guidelines for measuring and interpreting software energy consumption.]","Which decision areas in your organization would be impacted by improved energy or resource measurements?  [Architecture choices]","Which decision areas in your organization would be impacted by improved energy or resource measurements?  [Hardware components (e.g., ARM64, RISC-V, GPUs, servers)]","Which decision areas in your organization would be impacted by improved energy or resource measurements?  [Software libraries (e.g., databases, APIs, Bluetooth Low Energy)]","Which decision areas in your organization would be impacted by improved energy or resource measurements?  [Service right-sizing]","Which decision areas in your organization would be impacted by improved energy or resource measurements?  [Source code (data structures, coding best practices)]","Which decision areas in your organization would be impacted by improved energy or resource measurements?  [Cloud region / provider]","Which decision areas in your organization would be impacted by improved energy or resource measurements?  [Procurement / Service Level Agreements (SLAs)]","Which decision areas in your organization would be impacted by improved energy or resource measurements?  [Product requirements]","Which decision areas in your organization would be impacted by improved energy or resource measurements?  [Sustainability reporting]","Which decision areas in your organization would be impacted by improved energy or resource measurements?  [Other]","Total time","Group time: Context","Question time: contextrole","Question time: contextdomain","Question time: contextsize","Question time: contextresponsabilit","Question time: contextworkload","Question time: contextdecission","Question time: contextsustainabilit","Question time: contextruntime","Question time: contextarchitecture","Question time: contextlocation","Group time: Want","Question time: wantobjectives","Question time: wantinfluence","Question time: wanteffort","Group time: Can","Question time: canbarrier","Question time: canvalueable","Question time: canpolitical","Group time: Do","Question time: dodecission","Question time: dorequirements","Question time: dometrics","Question time: doesgscope","Question time: dolifecycle","Question time: doscope","Question time: doautomation","Question time: docontext","Group time: Outlook","Question time: outlooklikely","Question time: outlookimpact"
"20","2026-03-02 08:46:13","5","en","1626289544","2026-03-02 08:37:31","2026-03-02 08:46:13","Yes","Yes","No","No","No","No","No","Yes","","1–49","I do not know","Yes","Yes","No","Yes","Yes","No","No","","No","No","No","No","No","No","No","","None","No","No","Yes","Yes","Microservices","","No","No","No","No","Yes","1","1","4","2","5","No – energy is not a decision factor, even if related aspects (e.g., cost, performance) may matter.","Strongly agree","No","No","No","No","Yes","No","No","No","No","No","Lack of Management support & interest","Yes","Yes","Yes","No","No","Yes","","Yes","Never","No","No","No","No","No","No","No","Yes","Yes","Yes","Yes","Yes","Yes","Yes","","","No","No","No","No","No","","No","No","Yes","No","No","No","","No","No","No","Yes","Yes","Unlikely","Yes","No","Yes","Yes","Yes","Yes","No","Yes","Yes","","524.36","130.53","","","","","","","","","","","52.94","","","","90.82","","","","88.43","","","","","","","","","161.64","",""
"33","2026-03-02 13:11:41","5","en","630924270","2026-03-02 13:07:23","2026-03-02 13:11:41","Yes","Yes","No","No","No","Yes","No","Yes","","1–49","Individual / Employee","Yes","No","No","No","No","No","No","","Yes","Yes","Yes","No","No","Yes","No","","Ad hoc pilots","No","Yes","Yes","No","Modular monolith","","No","No","Yes","No","No","4","4","4","4","1","Yes – we consider energy explicitly (e.g., measurements, performance indicators, feedback).","Agree","No","Yes","No","No","No","No","Yes","No","No","No","","Yes","Yes","Yes","Yes","Yes","Yes","","No","Random / ad hoc","No","No","No","No","No","No","No","Yes","Yes","Yes","Yes","Yes","Yes","Yes","","","No","No","No","No","No","","No","No","No","No","No","No","","No","No","Yes","Yes","No","Strongly unlikely","Yes","Yes","Yes","Yes","Yes","Yes","Yes","Yes","Yes","","257.4","86.32","","","","","","","","","","","27.39","","","","47.48","","","","71.54","","","","","","","","","24.67","",""
"37","2026-03-02 15:30:15","5","en","2047267","2026-03-02 15:23:10","2026-03-02 15:30:15","No","Yes","No","Yes","Yes","Yes","Yes","Yes","","5000+","Department","Yes","Yes","Yes","Yes","Yes","Yes","Yes","","Yes","Yes","Yes","Yes","Yes","Yes","No","","Ad hoc pilots","No","Yes","Yes","Yes","Other","All","Yes","Yes","Yes","Yes","Yes","3","4","5","5","3","Yes – we consider energy explicitly (e.g., measurements, performance indicators, feedback).","Strongly agree","No","No","No","No","No","Yes","No","Yes","No","No","","No","No","No","Yes","Yes","Yes","","Yes","Regularly","Yes","No","Yes","No","No","No","No","Yes","Yes","Yes","Yes","Yes","Yes","Yes","","","No","Yes","Yes","No","No","","No","Yes","Yes","Yes","Yes","Yes","","Yes","No","Yes","Yes","Yes","Strongly likely","Yes","Yes","Yes","Yes","Yes","Yes","Yes","Yes","Yes","","426.74","143.2","","","","","","","","","","","45.95","","","","51.22","","","","159.47","","","","","","","","","26.9","",""
"41","2026-03-02 19:49:12","5","en","311342621","2026-03-02 19:40:49","2026-03-02 19:49:12","Yes","Yes","No","No","No","Yes","Yes","Yes","","1–49","Company / Organization","Yes","Yes","Yes","Yes","Yes","No","Yes","","Yes","Yes","Yes","Yes","Yes","Yes","Yes","","Integrated into the Software Development Life Cycle (SDLC)","Yes","Yes","Yes","No","Modular monolith","","No","Yes","Yes","Yes","No","5","5","3","4","3","Yes – we consider energy explicitly (e.g., measurements, performance indicators, feedback).","Agree","No","No","No","Yes","No","No","No","Yes","No","No","Availability of data from vendors","Yes","No","Yes","Yes","No","No","","Yes","Regularly","Yes","Yes","Yes","Yes","Yes","No","Yes","Yes","Yes","Yes","Yes","No","No","No","","Yes, Scope 1, 2, and 3 are distinguished","No","No","Yes","No","No","","No","Yes","Yes","Yes","No","No","","No","Yes","Yes","Yes","No","Strongly likely","Yes","Yes","Yes","Yes","No","Yes","Yes","No","Yes","*** Highlighting importance of procurement ***","503.63","139.93","","","","","","","","","","","40.25","","","","114.18","","","","151.13","","","","","","","","","58.14","",""
"48","2026-03-03 08:54:01","5","en","632305959","2026-03-03 08:46:24","2026-03-03 08:54:01","Yes","No","Yes","No","No","No","No","Yes","","1000–4999","Company / Organization","N/A","N/A","N/A","N/A","N/A","N/A","N/A","","No","No","No","No","Yes","No","No","","None","N/A","N/A","N/A","N/A","","","N/A","N/A","N/A","N/A","N/A","1","1","2","1","2","No – energy is not a decision factor, even if related aspects (e.g., cost, performance) may matter.","Agree","No","No","No","No","Yes","Yes","No","No","No","No","","Yes","Yes","No","No","Yes","Yes","","Yes","Never","No","No","No","No","No","No","No","No","No","No","No","No","No","No","","","N/A","N/A","N/A","N/A","N/A","","N/A","N/A","N/A","N/A","N/A","N/A","","N/A","N/A","N/A","N/A","N/A","Unlikely","Yes","Yes","Yes","Yes","No","Yes","Yes","No","Yes","","459.38","103.31","","","","","","","","","","","136.93","","","","120.22","","","","36.56","","","","","","","","","62.36","",""
"49","2026-03-03 09:44:45","5","en","1633516534","2026-03-03 09:37:11","2026-03-03 09:44:45","No","Yes","No","No","No","No","Yes","No","","5000+","Company / Organization","Yes","No","Yes","Yes","No","No","No","","Yes","Yes","Yes","No","Yes","No","No","","Ad hoc pilots","Yes","Yes","Yes","No","Modular monolith","","Yes","No","Yes","No","No","1","3","4","5","5","Yes – we consider energy explicitly (e.g., measurements, performance indicators, feedback).","Disagree","No","No","No","No","No","No","Yes","No","No","No","Not a strong business case","No","No","No","No","No","No","High energy prices. We are sensitive to money, not to moral. We can count much better than symphathize.","Yes","Random / ad hoc","No","Yes","No","No","No","Yes","Yes","Yes","Yes","Yes","Yes","Yes","Yes","Yes","","","No","No","Yes","No","Yes","","Yes","No","Yes","No","No","No","","No","Yes","No","Yes","No","Unlikely","Yes","Yes","Yes","Yes","Yes","No","No","No","Yes","","456.65","125.06","","","","","","","","","","","80.77","","","","107.9","","","","109.49","","","","","","","","","33.43","",""
"50","2026-03-03 21:29:36","5","en","638603853","2026-03-03 21:22:28","2026-03-03 21:29:36","Yes","Yes","No","No","No","No","Yes","No","","1–49","Department","Yes","No","No","No","Yes","No","No","","Yes","No","Yes","No","No","No","No","","None","No","No","Yes","No","Microservices","","No","No","No","Yes","Yes","1","1","4","5","4","No – energy is not a decision factor, even if related aspects (e.g., cost, performance) may matter.","Agree","No","Yes","No","No","No","No","Yes","Yes","No","No","Priority","Yes","Yes","Yes","No","Yes","No","","No","Never","No","No","No","No","No","No","No","Yes","Yes","Yes","Yes","Yes","Yes","Yes","","","No","No","No","No","Yes","","No","No","Yes","No","No","No","","Yes","No","No","Yes","No","Unlikely","No","Yes","Yes","Yes","No","No","No","No","No","","429.86","142.2","","","","","","","","","","","49.73","","","","124.93","","","","83.49","","","","","","","","","29.51","",""
"54","2026-03-04 10:17:51","5","en","1938680992","2026-03-04 10:09:06","2026-03-04 10:17:51","Yes","Yes","No","No","Yes","No","Yes","No","","1–49","Department","No","Yes","No","No","Yes","No","Yes","","Yes","No","Yes","No","No","No","No","","I do not know","Yes","Yes","Yes","No","Modular monolith","","Yes","Yes","Yes","No","No","1","2","1","4","4","Yes – we consider energy explicitly (e.g., measurements, performance indicators, feedback).","Neither agree nor disagree","No","Yes","Yes","Yes","No","Yes","No","No","No","No","","Yes","No","Yes","No","Yes","Yes","","No","Never","No","Yes","Yes","No","No","No","No","No","No","No","No","Yes","No","No","","","No","Yes","No","No","No","","Yes","Yes","Yes","Yes","Yes","Yes","","Yes","Yes","No","No","No","Strongly unlikely","No","Yes","Yes","No","Yes","No","No","No","Yes","","527.37","218.51","","","","","","","","","","","87.08","","","","57.16","","","","117.81","","","","","","","","","46.81","",""
"57","2026-03-04 15:38:31","5","en","1910628848","2026-03-04 15:33:43","2026-03-04 15:38:31","No","No","Yes","No","No","Yes","Yes","Yes","","5000+","Group / Division / Unit","N/A","N/A","N/A","N/A","N/A","N/A","N/A","","No","Yes","No","Yes","Yes","Yes","No","","Ad hoc pilots","N/A","N/A","N/A","N/A","","","N/A","N/A","N/A","N/A","N/A","5","5","5","4","2","Yes – we consider energy explicitly (e.g., measurements, performance indicators, feedback).","Agree","Yes","Yes","No","No","No","No","No","No","Yes","No","","Yes","Yes","Yes","Yes","Yes","Yes","","No","Regularly","No","Yes","Yes","No","No","No","No","Yes","Yes","Yes","Yes","Yes","Yes","No","","","N/A","N/A","N/A","N/A","N/A","","N/A","N/A","N/A","N/A","N/A","N/A","","N/A","N/A","N/A","N/A","N/A","Strongly likely","Yes","No","Yes","No","No","No","Yes","Yes","Yes","","288.97","120.76","","","","","","","","","","","50.76","","","","52.36","","","","38.11","","","","","","","","","26.98","",""
"61","2026-03-04 15:45:44","5","en","1678539250","2026-03-04 15:34:15","2026-03-04 15:45:44","No","Yes","No","No","No","No","Yes","Yes","","5000+","Group / Division / Unit","No","Yes","Yes","Yes","Yes","No","No","","No","No","No","No","Yes","No","No","","Ad hoc pilots","No","Yes","Yes","No","Microservices","","No","No","Yes","Yes","No","4","3","5","3","5","No – energy is not a decision factor, even if related aspects (e.g., cost, performance) may matter.","Agree","No","Yes","No","No","Yes","No","No","Yes","No","No","","Yes","No","No","Yes","Yes","No","","Yes","Random / ad hoc","No","No","No","Yes","Yes","No","No","No","No","No","Yes","Yes","Yes","No","","Yes, Scope 1, 2, and 3 are distinguished","No","No","No","No","Yes","","No","No","No","No","No","No","","Yes","No","Yes","Yes","No","Likely","No","No","No","Yes","Yes","Yes","Yes","No","Yes","","690.34","114.12","","","","","","","","","","","406.52","","","","55.28","","","","80.05","","","","","","","","","34.37","",""
"64","2026-03-04 17:56:11","5","en","1624548222","2026-03-04 17:51:09","2026-03-04 17:56:10","No","Yes","Yes","No","Yes","No","Yes","Yes","","5000+","Individual / Employee","No","No","Yes","Yes","Yes","Yes","No","","Yes","Yes","Yes","No","No","No","No","","None","No","Yes","Yes","Yes","Microservices","","No","No","Yes","Yes","Yes","2","2","4","5","3","No – energy is not a decision factor, even if related aspects (e.g., cost, performance) may matter.","Agree","Yes","No","No","Yes","Yes","Yes","Yes","Yes","No","No","","No","Yes","No","No","Yes","Yes","","Yes","Never","No","No","No","No","No","Yes","No","Yes","Yes","Yes","No","No","No","Yes","","","Yes","Yes","Yes","Yes","Yes","","Yes","Yes","No","No","No","No","","No","No","No","No","Yes","Neither likely nor unlikely","Yes","Yes","No","Yes","No","Yes","Yes","No","No","","303.84","103.78","","","","","","","","","","","38.97","","","","42.77","","","","81.33","","","","","","","","","36.99","",""
"65","2026-03-05 11:35:16","5","en","1440598425","2026-03-05 11:16:25","2026-03-05 11:35:16","No","No","Yes","Yes","No","Yes","Yes","No","","5000+","Company / Organization","N/A","N/A","N/A","N/A","N/A","N/A","N/A","","No","No","Yes","Yes","Yes","Yes","No","","Ad hoc pilots","N/A","N/A","N/A","N/A","","","N/A","N/A","N/A","N/A","N/A","2","3","5","5","4","No – energy is not a decision factor, even if related aspects (e.g., cost, performance) may matter.","Strongly agree","Yes","No","No","No","Yes","Yes","Yes","No","Yes","No","","No","Yes","Yes","No","Yes","Yes","","Yes","Never","No","No","Yes","No","No","No","No","Yes","Yes","Yes","No","No","No","No","","","N/A","N/A","N/A","N/A","N/A","","N/A","N/A","N/A","N/A","N/A","N/A","","N/A","N/A","N/A","N/A","N/A","Neither likely nor unlikely","Yes","Yes","No","Yes","Yes","No","No","No","Yes","","1131.98","670.17","","","","","","","","","","","135.17","","","","146.94","","","","79.34","","","","","","","","","100.36","",""
"67","2026-03-05 13:58:33","5","en","1319622749","2026-03-05 12:26:57","2026-03-05 13:58:33","No","No","Yes","No","Yes","Yes","Yes","Yes","","250–999","Company / Organization","N/A","N/A","N/A","N/A","N/A","N/A","N/A","","No","No","Yes","Yes","Yes","Yes","No","","Defined sustainability KPIs","N/A","N/A","N/A","N/A","","","N/A","N/A","N/A","N/A","N/A","3","4","5","4","5","No – energy is not a decision factor, even if related aspects (e.g., cost, performance) may matter.","Agree","Yes","No","No","Yes","No","No","No","Yes","No","No","","Yes","No","Yes","Yes","Yes","No","","Yes","Never","No","Yes","No","Yes","No","No","No","Yes","Yes","Yes","Yes","Yes","No","Yes","","Yes, Scope 1, 2, and 3 are distinguished","N/A","N/A","N/A","N/A","N/A","","N/A","N/A","N/A","N/A","N/A","N/A","","N/A","N/A","N/A","N/A","N/A","Likely","Yes","Yes","Yes","No","Yes","No","No","No","Yes","","3697.2","54.37","","","","","","","","","","","54.6","","","","3482.08","","","","52.56","","","","","","","","","53.59","",""
"71","2026-03-05 16:04:44","5","en","1010004454","2026-03-05 15:52:01","2026-03-05 16:04:44","No","No","Yes","No","No","No","Yes","Yes","","5000+","Department","N/A","N/A","N/A","N/A","N/A","N/A","N/A","","Yes","Yes","Yes","Yes","Yes","Yes","No","","Ad hoc pilots","N/A","N/A","N/A","N/A","","","N/A","N/A","N/A","N/A","N/A","2","4","3","1","5","No – energy is not a decision factor, even if related aspects (e.g., cost, performance) may matter.","Neither agree nor disagree","No","Yes","No","No","No","Yes","No","Yes","No","No","Lack of reliable measurement tools","Yes","Yes","No","Yes","No","Yes","","Yes","Random / ad hoc","No","No","No","No","No","No","No","Yes","Yes","Yes","Yes","Yes","Yes","Yes","","","N/A","N/A","N/A","N/A","N/A","","N/A","N/A","N/A","N/A","N/A","N/A","","N/A","N/A","N/A","N/A","N/A","Strongly unlikely","Yes","Yes","Yes","Yes","Yes","No","No","No","Yes","","765.79","237.96","","","","","","","","","","","130.86","","","","211.33","","","","98.89","","","","","","","","","86.75","",""
"72","2026-03-06 16:54:03","5","en","2131147172","2026-03-06 16:46:01","2026-03-06 16:54:03","Yes","Yes","No","No","No","Yes","Yes","No","","250–999","Company / Organization","Yes","No","No","No","No","No","No","","Yes","No","Yes","No","Yes","No","No","","Ad hoc pilots","No","No","Yes","No","Modular monolith","","No","Yes","Yes","No","No","5","4","5","5","5","No – energy is not a decision factor, even if related aspects (e.g., cost, performance) may matter.","Agree","No","No","No","No","Yes","No","Yes","Yes","No","No","other business priorities","Yes","Yes","No","No","Yes","Yes","","Yes","Random / ad hoc","No","No","Yes","Yes","No","Yes","No","Yes","Yes","No","No","Yes","No","No","","No, CO₂e is measured without scope differentiation","No","No","Yes","No","Yes","","No","No","Yes","No","No","No","","No","No","No","Yes","No","Likely","No","Yes","No","Yes","No","Yes","No","No","Yes","","593.91","124.56","","","","","","","","","","","62.13","","","","221.43","","","","114.36","","","","","","","","","71.43","",""
"74","2026-03-06 21:36:04","5","en","886775953","2026-03-06 21:27:10","2026-03-06 21:36:04","No","Yes","No","No","Yes","No","No","No","","50–249","I do not know","No","No","No","No","No","Yes","No","","Yes","Yes","No","No","No","No","No","","I do not know","Yes","Yes","No","No","Modular monolith","","Yes","No","No","No","No","","","","","","Yes – we consider energy explicitly (e.g., measurements, performance indicators, feedback).","Neither agree nor disagree","No","No","No","No","No","No","No","No","No","No","","Yes","Yes","No","No","No","No","","No","Random / ad hoc","No","Yes","Yes","No","No","No","No","Yes","Yes","Yes","Yes","Yes","Yes","Yes","","","No","Yes","No","No","No","","No","No","No","No","Yes","Yes","","No","Yes","No","No","No","Neither likely nor unlikely","Yes","Yes","Yes","No","No","No","No","No","No","","537.13","184.26","","","","","","","","","","","56.06","","","","79.19","","","","162.77","","","","","","","","","54.85","",""
"79","2026-03-09 11:54:05","5","en","1501049035","2026-03-09 11:45:33","2026-03-09 11:54:05","Yes","Yes","No","No","Yes","Yes","Yes","Yes","","250–999","Team","No","Yes","Yes","Yes","Yes","Yes","No","","Yes","Yes","No","Yes","Yes","Yes","Yes","","Defined sustainability KPIs","Yes","Yes","Yes","Yes","Modular monolith","","Yes","Yes","Yes","Yes","Yes","5","4","2","3","4","Yes – we consider energy explicitly (e.g., measurements, performance indicators, feedback).","Strongly agree","No","Yes","No","No","Yes","No","No","Yes","No","No","","Yes","Yes","No","No","Yes","No","Standardized reporting from vendors","Yes","Random / ad hoc","No","No","Yes","Yes","No","No","No","Yes","Yes","Yes","No","No","No","No","","Yes, Scope 1, 2, and 3 are distinguished","No","No","Yes","No","Yes","","Yes","Yes","Yes","Yes","No","No","","No","Yes","Yes","Yes","Yes","Strongly likely","Yes","No","No","Yes","Yes","Yes","No","No","Yes","Data processing capabilities","514.09","168.8","","","","","","","","","","","46.2","","","","111.35","","","","120.79","","","","","","","","","66.95","",""
"82","2026-03-09 16:47:31","5","en","1466883094","2026-03-09 16:33:39","2026-03-09 16:47:31","No","No","Yes","No","No","No","No","Yes","","5000+","I do not know","N/A","N/A","N/A","N/A","N/A","N/A","N/A","","Yes","Yes","No","No","Yes","Yes","No","","I do not know","N/A","N/A","N/A","N/A","","","N/A","N/A","N/A","N/A","N/A","5","4","5","5","4","No – energy is not a decision factor, even if related aspects (e.g., cost, performance) may matter.","Neither agree nor disagree","No","No","No","No","No","No","No","No","No","No","","Yes","Yes","No","No","No","No","","Yes","Never","No","No","No","No","No","No","No","No","No","No","No","No","No","No","","","N/A","N/A","N/A","N/A","N/A","","N/A","N/A","N/A","N/A","N/A","N/A","","N/A","N/A","N/A","N/A","N/A","Neither likely nor unlikely","No","No","No","No","No","Yes","No","No","Yes","","834.81","179.81","","","","","","","","","","","29.18","","","","588.25","","","","17.87","","","","","","","","","19.7","",""
"83","2026-03-09 21:27:46","5","en","1155627005","2026-03-09 21:22:58","2026-03-09 21:27:46","No","Yes","No","No","No","No","Yes","No","","5000+","Team","Yes","No","No","No","No","No","No","","No","No","No","No","Yes","No","No","","Ad hoc pilots","No","Yes","No","No","Microservices","","No","Yes","No","No","No","2","2","5","5","5","No – energy is not a decision factor, even if related aspects (e.g., cost, performance) may matter.","Strongly agree","No","Yes","No","No","No","No","No","Yes","No","No","","Yes","No","No","No","No","No","","Yes","Random / ad hoc","Yes","No","Yes","No","No","No","No","Yes","Yes","No","No","No","No","No","","","Yes","Yes","Yes","Yes","Yes","","Yes","Yes","Yes","No","No","No","","Yes","No","Yes","No","No","Likely","Yes","Yes","No","Yes","No","Yes","Yes","No","Yes","","289.23","94.62","","","","","","","","","","","53.1","","","","34.94","","","","79.16","","","","","","","","","27.41","",""
"87","2026-03-11 09:07:28","5","en","477338552","2026-03-11 09:01:09","2026-03-11 09:07:28","Yes","No","No","No","No","Yes","No","No","","1–49","Company / Organization","N/A","N/A","N/A","N/A","N/A","N/A","N/A","","No","No","No","No","No","No","No","","I do not know","N/A","N/A","N/A","N/A","","","N/A","N/A","N/A","N/A","N/A","5","5","","2","1","No – energy is not a decision factor, even if related aspects (e.g., cost, performance) may matter.","Disagree","Yes","No","No","No","No","No","No","No","No","No","","Yes","Yes","No","No","No","No","","Yes","Never","No","No","No","No","No","No","No","No","No","No","No","No","No","No","","","N/A","N/A","N/A","N/A","N/A","","N/A","N/A","N/A","N/A","N/A","N/A","","N/A","N/A","N/A","N/A","N/A","Strongly unlikely","No","No","No","No","No","Yes","No","No","No","","380.16","101.31","","","","","","","","","","","66.86","","","","102.92","","","","42.69","","","","","","","","","66.38","",""
"90","2026-03-12 14:31:52","5","en","1385870930","2026-03-12 14:23:53","2026-03-12 14:31:52","Yes","No","No","No","No","No","Yes","No","","1–49","Company / Organization","N/A","N/A","N/A","N/A","N/A","N/A","N/A","","No","No","No","No","No","Yes","No","","I do not know","N/A","N/A","N/A","N/A","","","N/A","N/A","N/A","N/A","N/A","","","","","","Yes – we consider energy explicitly (e.g., measurements, performance indicators, feedback).","Neither agree nor disagree","No","No","No","No","No","No","Yes","No","No","No","","No","No","No","No","No","No","Budget of Customers for it","No","Random / ad hoc","No","Yes","Yes","No","No","No","Yes","No","No","No","No","No","No","No","","","N/A","N/A","N/A","N/A","N/A","","N/A","N/A","N/A","N/A","N/A","N/A","","N/A","N/A","N/A","N/A","N/A","Neither likely nor unlikely","Yes","No","No","No","No","No","No","No","No","","482.45","180.85","","","","","","","","","","","26.49","","","","91.91","","","","159.33","","","","","","","","","23.87","",""
"93","2026-03-12 19:02:02","5","en","759605834","2026-03-12 18:49:29","2026-03-12 19:02:02","No","Yes","No","No","No","No","No","Yes","","1–49","Team","Yes","Yes","Yes","Yes","No","No","No","","Yes","Yes","Yes","No","No","No","No","","Ad hoc pilots","No","No","Yes","No","Microservices","","No","No","No","No","Yes","1","2","5","4","2","No – energy is not a decision factor, even if related aspects (e.g., cost, performance) may matter.","Disagree","No","No","No","No","No","No","No","Yes","No","No","the motivation to actually do it","No","Yes","Yes","No","No","Yes","","Yes","Random / ad hoc","No","No","No","No","No","Yes","No","Yes","Yes","Yes","No","Yes","Yes","No","","","No","No","No","No","Yes","","No","No","Yes","No","No","No","","No","No","No","Yes","No","Strongly unlikely","Yes","No","Yes","Yes","No","Yes","No","No","Yes","","756.09","372.39","","","","","","","","","","","79.55","","","","148.17","","","","112.46","","","","","","","","","43.52","",""
"96","2026-03-13 20:04:57","5","en","504889694","2026-03-13 20:01:30","2026-03-13 20:04:57","No","Yes","No","No","No","No","No","Yes","","1000–4999","I do not know","No","Yes","No","No","No","No","Yes","","Yes","No","No","No","Yes","No","No","","None","Yes","Yes","No","No","Microservices","","Yes","No","No","No","No","2","2","4","5","3","No – energy is not a decision factor, even if related aspects (e.g., cost, performance) may matter.","Disagree","Yes","Yes","Yes","No","Yes","Yes","No","Yes","No","No","","Yes","Yes","No","No","Yes","No","","No","Never","No","No","No","No","No","No","No","Yes","Yes","Yes","Yes","No","No","No","","","No","No","No","No","No","","Yes","Yes","Yes","No","No","No","","No","Yes","Yes","No","No","Strongly unlikely","Yes","Yes","Yes","Yes","No","Yes","Yes","No","Yes","","208.98","80.95","","","","","","","","","","","27.15","","","","35.45","","","","45.46","","","","","","","","","19.97","",""
"98","2026-03-16 08:06:09","5","en","570684919","2026-03-16 07:59:35","2026-03-16 08:06:09","Yes","Yes","Yes","Yes","No","Yes","Yes","Yes","","1–49","Company / Organization","Yes","Yes","No","Yes","No","No","No","","Yes","No","No","No","No","Yes","No","","None","No","Yes","No","No","Monolithic","","Yes","No","No","Yes","No","5","4","4","5","4","No – energy is not a decision factor, even if related aspects (e.g., cost, performance) may matter.","Disagree","Yes","Yes","No","No","No","No","Yes","No","No","No","","Yes","Yes","Yes","Yes","Yes","Yes","","Yes","Never","No","No","No","No","No","No","No","Yes","Yes","Yes","Yes","Yes","No","No","","","Yes","No","Yes","No","No","","Yes","Yes","No","No","No","No","","No","Yes","No","No","No","Likely","No","No","No","No","Yes","Yes","No","No","No","","396.56","128.36","","","","","","","","","","","44.31","","","","102.79","","","","91.43","","","","","","","","","29.67","",""
"99","2026-03-16 09:19:59","5","en","1315297188","2026-03-16 09:12:17","2026-03-16 09:19:59","Yes","No","No","No","Yes","Yes","No","No","","50–249","Company / Organization","N/A","N/A","N/A","N/A","N/A","N/A","N/A","","No","No","No","No","No","Yes","No","","I do not know","N/A","N/A","N/A","N/A","","","N/A","N/A","N/A","N/A","N/A","5","5","1","1","1","No – energy is not a decision factor, even if related aspects (e.g., cost, performance) may matter.","Neither agree nor disagree","No","No","No","No","No","No","No","No","No","No","Interest","Yes","No","No","No","No","No","","No","Never","No","No","No","No","No","No","No","Yes","Yes","Yes","Yes","Yes","Yes","Yes","","","N/A","N/A","N/A","N/A","N/A","","N/A","N/A","N/A","N/A","N/A","N/A","","N/A","N/A","N/A","N/A","N/A","Strongly unlikely","Yes","No","No","No","No","No","No","No","No","","463.6","155.01","","","","","","","","","","","51.71","","","","151.23","","","","60.23","","","","","","","","","45.42","",""
"102","2026-03-18 10:01:51","5","en","977499788","2026-03-18 08:50:06","2026-03-18 10:01:51","No","No","Yes","No","No","No","No","Yes","","5000+","Company / Organization","N/A","N/A","N/A","N/A","N/A","N/A","N/A","","No","No","No","No","Yes","No","No","","I do not know","N/A","N/A","N/A","N/A","","","N/A","N/A","N/A","N/A","N/A","","","","","","Yes – we consider energy explicitly (e.g., measurements, performance indicators, feedback).","Agree","No","No","No","No","No","No","No","No","No","Yes","","No","No","No","No","Yes","No","","Yes","Random / ad hoc","Yes","No","No","Yes","No","No","No","No","No","No","No","No","No","No","","Yes, Scope 1, 2, and 3 are distinguished","N/A","N/A","N/A","N/A","N/A","","N/A","N/A","N/A","N/A","N/A","N/A","","N/A","N/A","N/A","N/A","N/A","Likely","No","No","No","No","No","No","No","No","Yes","","294.12","121.86","","","","","","","","","","","43.49","","","","43.78","","","","65.01","","","","","","","","","19.98","",""
"105","2026-03-18 10:42:36","5","en","197715719","2026-03-18 09:52:14","2026-03-18 10:42:36","No","Yes","No","No","Yes","No","No","Yes","","250–999","Company / Organization","Yes","Yes","Yes","No","No","No","No","","No","No","No","No","No","Yes","No","","None","No","Yes","No","No","Monolithic","","Yes","Yes","No","No","No","3","3","5","4","5","No – energy is not a decision factor, even if related aspects (e.g., cost, performance) may matter.","Strongly disagree","No","Yes","No","No","No","No","Yes","No","No","No","","No","Yes","No","No","No","No","","No","Never","No","No","No","No","No","No","No","Yes","Yes","No","No","No","No","No","","","No","No","No","No","Yes","","No","No","No","No","No","No","rack","No","Yes","No","No","No","Strongly unlikely","No","No","No","Yes","No","No","Yes","No","Yes","","3023.22","897.94","","","","","","","","","","","155.05","","","","848.98","","","","1072.88","","","","","","","","","48.37","",""
"108","2026-03-18 17:16:12","5","en","1083297253","2026-03-18 17:05:14","2026-03-18 17:16:12","Yes","Yes","No","No","No","No","Yes","Yes","","5000+","Department","Yes","Yes","No","No","Yes","No","Yes","","No","Yes","No","No","Yes","Yes","No","","I do not know","No","Yes","Yes","No","","","No","No","Yes","No","Yes","4","4","5","4","5","No – energy is not a decision factor, even if related aspects (e.g., cost, performance) may matter.","Neither agree nor disagree","Yes","No","No","No","No","Yes","No","No","No","No","","Yes","No","Yes","No","No","No","","Yes","Never","No","No","No","No","No","No","No","Yes","Yes","Yes","Yes","Yes","Yes","No","","","No","No","No","No","No","","No","Yes","Yes","No","No","No","","No","Yes","Yes","No","No","Neither likely nor unlikely","Yes","Yes","No","No","No","No","No","No","No","","659.18","314.83","","","","","","","","","","","63.11","","","","99.04","","","","143.97","","","","","","","","","38.23","",""
"109","2026-03-19 08:11:43","5","en","2023160158","2026-03-19 08:07:24","2026-03-19 08:11:43","Yes","No","No","No","No","Yes","No","No","","1–49","Company / Organization","N/A","N/A","N/A","N/A","N/A","N/A","N/A","","Yes","Yes","No","Yes","No","No","No","","Ad hoc pilots","N/A","N/A","N/A","N/A","","","N/A","N/A","N/A","N/A","N/A","5","5","5","5","5","Yes – we consider energy explicitly (e.g., measurements, performance indicators, feedback).","Neither agree nor disagree","No","No","No","No","No","No","No","Yes","No","No","","Yes","No","No","No","No","No","","Yes","Random / ad hoc","No","No","No","No","No","No","No","No","No","No","No","Yes","No","No","","","N/A","N/A","N/A","N/A","N/A","","N/A","N/A","N/A","N/A","N/A","N/A","","N/A","N/A","N/A","N/A","N/A","Unlikely","No","No","No","No","Yes","Yes","No","No","No","","261.51","65.27","","","","","","","","","","","39.82","","","","55.45","","","","56.46","","","","","","","","","44.51","",""
"112","2026-03-19 17:51:15","5","en","618552524","2026-03-19 17:43:58","2026-03-19 17:51:15","Yes","Yes","No","No","No","No","Yes","Yes","","50–249","I do not know","Yes","No","No","Yes","No","No","No","","Yes","Yes","No","No","No","No","No","","None","No","No","Yes","Yes","Modular monolith","","No","No","No","Yes","No","1","1","5","3","4","No – energy is not a decision factor, even if related aspects (e.g., cost, performance) may matter.","Agree","No","Yes","Yes","No","Yes","Yes","Yes","No","No","No","","Yes","Yes","Yes","Yes","Yes","No","","Yes","Never","No","No","No","No","No","No","No","Yes","Yes","Yes","Yes","No","Yes","Yes","","","No","No","No","No","No","","No","No","No","No","No","No","","No","No","Yes","No","No","Strongly unlikely","No","No","No","No","No","No","No","No","Yes","","439.97","184.77","","","","","","","","","","","52.15","","","","59.68","","","","111.35","","","","","","","","","32.02","",""
"115","2026-03-24 14:29:24","5","en","62912081","2026-03-24 14:23:27","2026-03-24 14:29:24","Yes","Yes","No","No","No","Yes","No","Yes","Gen AI based Applications","50–249","Team","Yes","Yes","No","Yes","Yes","No","No","","No","No","No","No","No","No","No","Researchers","None","No","No","Yes","No","Microservices","","Yes","No","No","No","No","1","3","4","5","3","No – energy is not a decision factor, even if related aspects (e.g., cost, performance) may matter.","Strongly disagree","No","Yes","Yes","No","Yes","Yes","Yes","No","No","No","","No","Yes","Yes","No","No","No","","Yes","Never","No","No","No","No","No","Yes","No","No","Yes","No","No","Yes","Yes","No","","","No","No","No","No","Yes","","Yes","No","No","No","Yes","No","","No","Yes","No","No","No","Unlikely","No","Yes","Yes","No","Yes","No","No","Yes","No","","358.57","111.85","","","","","","","","","","","50.92","","","","50.82","","","","89.3","","","","","","","","","55.68","",""
"116","2026-03-25 14:53:22","5","en","427114687","2026-03-25 14:46:29","2026-03-25 14:53:22","No","Yes","No","No","No","No","Yes","Yes","","50–249","Team","Yes","No","No","Yes","No","No","No","","No","Yes","No","No","No","No","No","","None","No","No","Yes","No","Microservices","","No","No","No","Yes","Yes","3","3","4","3","5","No – energy is not a decision factor, even if related aspects (e.g., cost, performance) may matter.","Agree","No","No","Yes","No","No","No","No","Yes","No","No","","No","No","No","No","Yes","No","legal requirements","Yes","Random / ad hoc","No","No","No","No","No","No","No","Yes","Yes","Yes","Yes","Yes","Yes","Yes","","","No","No","No","No","No","","No","No","Yes","Yes","Yes","Yes","","No","No","No","Yes","No","Neither likely nor unlikely","Yes","Yes","No","Yes","No","Yes","No","Yes","Yes","","414.76","137.03","","","","","","","","","","","61.14","","","","89.05","","","","88.22","","","","","","","","","39.32","",""
"121","2026-03-25 22:04:28","5","en","139420706","2026-03-25 21:57:58","2026-03-25 22:04:28","Yes","No","No","No","Yes","Yes","Yes","Yes","","1000–4999","Company / Organization","N/A","N/A","N/A","N/A","N/A","N/A","N/A","","No","No","No","No","No","No","No","None, not in scope yet","I do not know","N/A","N/A","N/A","N/A","","","N/A","N/A","N/A","N/A","N/A","2","2","5","4","5","No – energy is not a decision factor, even if related aspects (e.g., cost, performance) may matter.","Neither agree nor disagree","Yes","No","Yes","No","Yes","No","No","No","Yes","No","Very complex software landscape ","No","No","No","No","Yes","No","","No","Never","No","No","No","No","No","No","No","Yes","Yes","No","Yes","No","Yes","No","","","N/A","N/A","N/A","N/A","N/A","","N/A","N/A","N/A","N/A","N/A","N/A","","N/A","N/A","N/A","N/A","N/A","Unlikely","No","No","No","No","No","No","No","Yes","Yes","","392.9","88.34","","","","","","","","","","","77.1","","","","141.65","","","","56.87","","","","","","","","","28.94","",""
"125","2026-03-26 11:18:34","5","en","598161921","2026-03-26 11:12:14","2026-03-26 11:18:34","No","No","Yes","No","No","No","No","Yes","","5000+","Department","N/A","N/A","N/A","N/A","N/A","N/A","N/A","","No","No","No","No","Yes","Yes","No","","None","N/A","N/A","N/A","N/A","","","N/A","N/A","N/A","N/A","N/A","5","5","5","5","5","No – energy is not a decision factor, even if related aspects (e.g., cost, performance) may matter.","Strongly agree","No","No","No","No","Yes","No","Yes","No","No","No","","Yes","Yes","Yes","Yes","Yes","No","","Yes","Never","No","No","Yes","No","No","No","No","No","No","No","No","No","No","No","","","N/A","N/A","N/A","N/A","N/A","","N/A","N/A","N/A","N/A","N/A","N/A","","N/A","N/A","N/A","N/A","N/A","Unlikely","No","Yes","Yes","No","No","No","No","No","Yes","","381.79","88.68","","","","","","","","","","","60.9","","","","115.82","","","","48.9","","","","","","","","","67.49","",""
"126","2026-03-26 12:25:28","5","en","1213595281","2026-03-26 12:20:07","2026-03-26 12:25:28","Yes","No","No","No","Yes","No","Yes","Yes","","5000+","Department","N/A","N/A","N/A","N/A","N/A","N/A","N/A","","Yes","Yes","Yes","Yes","Yes","Yes","Yes","","Ad hoc pilots","N/A","N/A","N/A","N/A","","","N/A","N/A","N/A","N/A","N/A","4","4","5","4","5","Yes – we consider energy explicitly (e.g., measurements, performance indicators, feedback).","Strongly agree","Yes","No","No","Yes","No","No","No","Yes","Yes","No","","Yes","Yes","Yes","Yes","Yes","Yes","","Yes","Regularly","Yes","No","Yes","Yes","No","Yes","Yes","Yes","Yes","Yes","Yes","Yes","Yes","Yes","","Partially (e.g., only selected scopes)","N/A","N/A","N/A","N/A","N/A","","N/A","N/A","N/A","N/A","N/A","N/A","","N/A","N/A","N/A","N/A","N/A","Likely","Yes","No","No","Yes","No","Yes","Yes","Yes","Yes","","323.89","104.77","","","","","","","","","","","33.45","","","","69.16","","","","89.69","","","","","","","","","26.82","",""
"127","2026-03-26 14:09:48","5","en","1632481615","2026-03-26 13:57:24","2026-03-26 14:09:48","No","Yes","No","No","No","No","Yes","Yes","Data Integration and Analysis in the Cloud ","250–999","Group / Division / Unit","No","Yes","No","Yes","No","No","No","","No","No","No","No","No","No","No","","None","Yes","Yes","Yes","Yes","Microservices","","No","No","No","No","Yes","3","3","2","4","2","No – energy is not a decision factor, even if related aspects (e.g., cost, performance) may matter.","Disagree","No","No","No","Yes","No","Yes","No","No","No","No","","Yes","No","No","No","No","No","","Yes","Never","No","No","No","No","No","No","No","Yes","Yes","Yes","Yes","Yes","Yes","No","","","Yes","No","Yes","Yes","No","","Yes","No","No","No","No","No","","No","Yes","Yes","No","No","Neither likely nor unlikely","No","No","No","Yes","No","No","No","No","No","","748.41","209.83","","","","","","","","","","","138.41","","","","96.91","","","","239.14","","","","","","","","","64.12","",""
"131","2026-03-27 07:20:45","5","en","20195638","2026-03-27 07:13:46","2026-03-27 07:20:45","Yes","No","No","Yes","No","No","Yes","Yes","","250–999","Company / Organization","N/A","N/A","N/A","N/A","N/A","N/A","N/A","","No","No","No","No","Yes","No","No","","None","N/A","N/A","N/A","N/A","","","N/A","N/A","N/A","N/A","N/A","5","5","5","3","4","No – energy is not a decision factor, even if related aspects (e.g., cost, performance) may matter.","Strongly disagree","No","Yes","No","No","No","No","No","No","No","Yes","","Yes","Yes","Yes","Yes","Yes","Yes","","No","Random / ad hoc","No","No","No","No","No","Yes","No","No","No","No","No","No","No","No","","","N/A","N/A","N/A","N/A","N/A","","N/A","N/A","N/A","N/A","N/A","N/A","","N/A","N/A","N/A","N/A","N/A","Unlikely","Yes","Yes","No","Yes","No","No","No","No","Yes","","422.44","120.14","","","","","","","","","","","95.74","","","","87.79","","","","70.9","","","","","","","","","47.87","",""
"133","2026-03-27 10:11:08","5","en","1335674005","2026-03-27 09:52:34","2026-03-27 10:11:08","No","Yes","No","No","No","No","No","No","IT Services","5000+","Company / Organization","Yes","Yes","Yes","Yes","Yes","Yes","Yes","","Yes","Yes","No","Yes","Yes","Yes","No","","Defined sustainability KPIs","Yes","Yes","Yes","Yes","Microservices","","No","Yes","No","No","No","4","4","4","4","4","No – energy is not a decision factor, even if related aspects (e.g., cost, performance) may matter.","Agree","No","No","No","No","Yes","Yes","No","No","No","No","Lack of motivation ","No","Yes","Yes","No","Yes","No","","Yes","Random / ad hoc","No","No","No","Yes","Yes","No","No","No","No","No","No","No","No","No","","Yes, Scope 1, 2, and 3 are distinguished","No","No","Yes","No","No","","Yes","Yes","Yes","No","No","No","","No","Yes","Yes","Yes","Yes","Neither likely nor unlikely","No","No","No","No","No","No","No","Yes","Yes","","307.88","109.05","","","","","","","","","","","39.11","","","","41.73","","","","97.57","","","","","","","","","20.42","",""
"136","2026-03-27 11:33:48","5","en","1809038000","2026-03-27 11:19:29","2026-03-27 11:33:48","Yes","Yes","No","Yes","Yes","Yes","No","No","","250–999","Individual / Employee","Yes","Yes","No","No","No","No","No","","No","No","No","No","Yes","No","No","","Defined sustainability KPIs","No","Yes","No","No","Modular monolith","","Yes","No","No","No","No","4","5","5","3","5","No – energy is not a decision factor, even if related aspects (e.g., cost, performance) may matter.","Disagree","No","Yes","Yes","Yes","No","No","No","No","No","No","","No","No","Yes","No","No","Yes","","No","Regularly","No","Yes","Yes","Yes","No","Yes","No","No","No","No","No","No","No","No","","Yes, Scope 1, 2, and 3 are distinguished","No","No","No","No","No","Every 2nd year","Yes","Yes","No","Yes","No","No","","No","No","Yes","No","No","Strongly unlikely","No","Yes","Yes","Yes","No","No","Yes","Yes","Yes","","861.15","321.08","","","","","","","","","","","138.86","","","","167.13","","","","181.4","","","","","","","","","52.68","",""
"139","2026-03-27 17:16:47","5","en","1642861246","2026-03-27 17:11:21","2026-03-27 17:16:47","Yes","No","No","Yes","Yes","Yes","Yes","Yes","","5000+","Company / Organization","N/A","N/A","N/A","N/A","N/A","N/A","N/A","","Yes","Yes","No","No","No","Yes","No","","None","N/A","N/A","N/A","N/A","","","N/A","N/A","N/A","N/A","N/A","5","5","5","4","4","No – energy is not a decision factor, even if related aspects (e.g., cost, performance) may matter.","Disagree","No","No","No","No","No","No","No","No","No","No","mainly SaaS","Yes","No","No","No","No","No","","No","Never","No","No","No","No","No","No","No","Yes","Yes","Yes","Yes","Yes","Yes","No","","","N/A","N/A","N/A","N/A","N/A","","N/A","N/A","N/A","N/A","N/A","N/A","","N/A","N/A","N/A","N/A","N/A","Strongly unlikely","No","No","No","Yes","No","No","No","No","Yes","","328.24","94.85","","","","","","","","","","","49.15","","","","75.35","","","","46.98","","","","","","","","","61.91","",""
"141","2026-03-28 13:59:17","5","en","2079390875","2026-03-28 13:55:41","2026-03-28 13:59:17","Yes","No","No","Yes","No","Yes","No","Yes","","1000–4999","Group / Division / Unit","N/A","N/A","N/A","N/A","N/A","N/A","N/A","","No","Yes","No","No","Yes","Yes","No","","None","N/A","N/A","N/A","N/A","","","N/A","N/A","N/A","N/A","N/A","4","5","5","4","5","Yes – we consider energy explicitly (e.g., measurements, performance indicators, feedback).","Agree","Yes","No","Yes","No","No","No","Yes","No","No","No","","Yes","No","Yes","No","Yes","No","","No","Never","No","No","Yes","No","No","No","No","Yes","Yes","Yes","Yes","No","No","No","","","N/A","N/A","N/A","N/A","N/A","","N/A","N/A","N/A","N/A","N/A","N/A","","N/A","N/A","N/A","N/A","N/A","Strongly unlikely","Yes","Yes","No","No","Yes","No","No","No","Yes","","218.35","64.19","","","","","","","","","","","35.82","","","","55.44","","","","38.79","","","","","","","","","24.11","",""
"146","2026-03-30 19:56:40","5","en","3894154","2026-03-30 19:34:12","2026-03-30 19:56:40","No","No","Yes","Yes","No","Yes","No","No","","1–49","I do not know","N/A","N/A","N/A","N/A","N/A","N/A","N/A","","No","No","No","Yes","Yes","No","No","","I do not know","N/A","N/A","N/A","N/A","","","N/A","N/A","N/A","N/A","N/A","5","5","5","4","4","Yes – we consider energy explicitly (e.g., measurements, performance indicators, feedback).","Strongly agree","No","No","No","Yes","No","Yes","Yes","Yes","No","No","","Yes","Yes","Yes","Yes","Yes","Yes","these would all be very useful improvements!","Yes","Random / ad hoc","Yes","No","No","Yes","No","No","No","No","No","No","No","No","No","No","not really sure","Not sure / unknown","N/A","N/A","N/A","N/A","N/A","","N/A","N/A","N/A","N/A","N/A","N/A","","N/A","N/A","N/A","N/A","N/A","Likely","No","No","Yes","No","No","Yes","Yes","Yes","Yes","","1350.33","200.53","","","","","","","","","","","414.87","","","","448.42","","","","206.43","","","","","","","","","80.08","",""
"148","2026-04-01 17:23:37","5","en","2052675340","2026-04-01 16:59:45","2026-04-01 17:23:37","Yes","No","No","No","No","No","No","Yes","","1000–4999","Group / Division / Unit","N/A","N/A","N/A","N/A","N/A","N/A","N/A","","No","Yes","Yes","No","Yes","Yes","No","","Defined sustainability KPIs","N/A","N/A","N/A","N/A","","","N/A","N/A","N/A","N/A","N/A","5","3","4","4","5","No – energy is not a decision factor, even if related aspects (e.g., cost, performance) may matter.","Disagree","No","No","No","No","No","No","No","No","No","Yes","out of scope","Yes","No","No","No","No","No","","No","Never","No","Yes","Yes","Yes","No","No","No","No","No","No","No","No","No","No","","Yes, Scope 1, 2, and 3 are distinguished","N/A","N/A","N/A","N/A","N/A","","N/A","N/A","N/A","N/A","N/A","N/A","","N/A","N/A","N/A","N/A","N/A","Unlikely","No","No","No","No","No","No","Yes","No","Yes","","1432.64","92.55","","","","","","","","","","","58.24","","","","1193.29","","","","54.17","","","","","","","","","34.39","",""
"149","2026-04-02 12:48:14","5","en","654655124","2026-04-02 12:42:54","2026-04-02 12:48:14","Yes","Yes","No","No","No","Yes","Yes","Yes","","250–999","Department","Yes","Yes","Yes","Yes","No","No","No","","Yes","Yes","No","No","Yes","No","No","","Defined sustainability KPIs","Yes","Yes","No","Yes","Microservices","","No","Yes","No","No","Yes","5","5","5","5","3","Yes – we consider energy explicitly (e.g., measurements, performance indicators, feedback).","Strongly agree","No","No","No","No","Yes","Yes","Yes","No","No","No","","Yes","No","No","Yes","No","Yes","","Yes","Random / ad hoc","Yes","Yes","Yes","Yes","No","No","Yes","Yes","No","No","No","Yes","No","No","","Yes, Scope 1, 2, and 3 are distinguished","Yes","No","Yes","No","No","","No","Yes","No","No","No","Yes","","No","Yes","Yes","No","Yes","Likely","Yes","No","No","No","Yes","Yes","Yes","No","No","","322.12","112.32","","","","","","","","","","","45.85","","","","48.16","","","","86.78","","","","","","","","","29.01","",""
"151","2026-04-04 22:25:53","5","en","2004725336","2026-04-04 22:18:29","2026-04-04 22:25:53","Yes","Yes","No","No","No","Yes","Yes","Yes","","1000–4999","I do not know","Yes","Yes","No","No","Yes","No","No","","No","No","No","No","No","Yes","No","","None","No","No","No","No","","","No","No","No","No","No","3","5","5","3","2","No – energy is not a decision factor, even if related aspects (e.g., cost, performance) may matter.","Agree","No","No","No","No","Yes","No","No","No","No","No","","Yes","No","No","No","No","No","","No","Random / ad hoc","No","No","No","No","No","No","No","Yes","No","No","No","Yes","No","Yes","","","No","No","No","No","No","","No","No","No","No","No","No","","No","Yes","No","No","No","Unlikely","Yes","Yes","No","No","No","No","No","No","No","","446.01","163.26","","","","","","","","","","","75.07","","","","46.09","","","","125.79","","","","","","","","","35.8","",""
"153","2026-04-07 07:11:16","5","en","1600484064","2026-04-07 06:59:39","2026-04-07 07:11:16","Yes","No","No","No","No","Yes","No","No","","1–49","Company / Organization","N/A","N/A","N/A","N/A","N/A","N/A","N/A","","Yes","No","No","Yes","No","No","No","","Ad hoc pilots","N/A","N/A","N/A","N/A","","","N/A","N/A","N/A","N/A","N/A","2","2","4","5","1","No – energy is not a decision factor, even if related aspects (e.g., cost, performance) may matter.","Neither agree nor disagree","No","Yes","No","No","No","No","No","No","No","No","","Yes","Yes","No","No","No","No","","Yes","Random / ad hoc","No","No","Yes","No","No","No","No","No","No","No","No","No","No","No","","","N/A","N/A","N/A","N/A","N/A","","N/A","N/A","N/A","N/A","N/A","N/A","","N/A","N/A","N/A","N/A","N/A","Unlikely","No","No","Yes","No","No","Yes","No","No","No","","699.29","26.38","","","","","","","","","","","58.28","","","","98.56","","","","482.45","","","","","","","","","33.62","",""
"158","2026-04-10 11:05:36","5","en","1650735524","2026-04-10 11:01:02","2026-04-10 11:05:36","Yes","No","Yes","No","No","Yes","No","Yes","","5000+","Company / Organization","N/A","N/A","N/A","N/A","N/A","N/A","N/A","","Yes","Yes","Yes","Yes","Yes","Yes","Yes","","None","N/A","N/A","N/A","N/A","","","N/A","N/A","N/A","N/A","N/A","3","3","5","2","5","No – energy is not a decision factor, even if related aspects (e.g., cost, performance) may matter.","Neither agree nor disagree","No","Yes","Yes","Yes","Yes","Yes","No","Yes","No","No","","Yes","Yes","Yes","Yes","No","Yes","","Yes","Random / ad hoc","No","No","No","No","No","No","No","No","No","No","No","No","No","No","i don’t know","","N/A","N/A","N/A","N/A","N/A","","N/A","N/A","N/A","N/A","N/A","N/A","","N/A","N/A","N/A","N/A","N/A","Neither likely nor unlikely","No","No","No","No","No","Yes","Yes","No","Yes","","275.89","58.81","","","","","","","","","","","60.27","","","","54.32","","","","54.28","","","","","","","","","48.21","",""
"164","2026-04-27 10:16:29","5","en","1975112498","2026-04-27 10:08:49","2026-04-27 10:16:29","No","No","Yes","Yes","No","No","No","Yes","","1000–4999","Company / Organization","N/A","N/A","N/A","N/A","N/A","N/A","N/A","","No","No","No","No","No","Yes","No","","I do not know","N/A","N/A","N/A","N/A","","","N/A","N/A","N/A","N/A","N/A","4","4","5","5","5","Yes – we consider energy explicitly (e.g., measurements, performance indicators, feedback).","Agree","Yes","Yes","No","Yes","No","No","No","No","No","No","","Yes","Yes","No","No","No","No","","Yes","Random / ad hoc","Yes","Yes","Yes","No","No","Yes","No","No","No","No","Yes","No","No","Yes","","","N/A","N/A","N/A","N/A","N/A","","N/A","N/A","N/A","N/A","N/A","N/A","","N/A","N/A","N/A","N/A","N/A","Likely","No","Yes","Yes","No","No","Yes","No","No","No","","461.18","121.45","","","","","","","","","","","69.06","","","","126.84","","","","81.49","","","","","","","","","62.34","",""
"168","2026-04-28 18:36:05","5","en","2120716652","2026-04-28 18:29:21","2026-04-28 18:36:05","No","Yes","No","Yes","No","Yes","No","Yes","","50–249","Company / Organization","Yes","No","No","Yes","No","No","No","","Yes","Yes","No","No","No","Yes","No","","Integrated into the Software Development Life Cycle (SDLC)","No","Yes","No","No","Modular monolith","","Yes","No","No","No","No","4","4","4","5","4","No – energy is not a decision factor, even if related aspects (e.g., cost, performance) may matter.","Neither agree nor disagree","No","No","No","Yes","No","No","No","No","No","No","","No","Yes","No","No","No","No","","Yes","Regularly","No","Yes","No","No","No","No","No","Yes","No","Yes","Yes","Yes","Yes","No","","","No","No","Yes","No","No","","No","Yes","Yes","Yes","No","No","","No","No","Yes","No","No","Neither likely nor unlikely","Yes","No","No","No","No","No","No","Yes","No","","408.04","139.56","","","","","","","","","","","65.31","","","","41.59","","","","130.66","","","","","","","","","30.92","",""
"170","2026-04-28 21:31:03","5","en","372029645","2026-04-28 21:26:06","2026-04-28 21:31:03","Yes","No","No","Yes","No","Yes","No","No","","1–49","Individual / Employee","N/A","N/A","N/A","N/A","N/A","N/A","N/A","","No","No","No","Yes","Yes","No","No","","Defined sustainability KPIs","N/A","N/A","N/A","N/A","","","N/A","N/A","N/A","N/A","N/A","3","1","3","3","2","Yes – we consider energy explicitly (e.g., measurements, performance indicators, feedback).","Disagree","No","Yes","No","No","No","No","No","No","No","No","","Yes","No","No","No","No","No","","Yes","Random / ad hoc","No","No","No","Yes","No","No","No","No","No","No","No","No","No","No","","Yes, Scope 1, 2, and 3 are distinguished","N/A","N/A","N/A","N/A","N/A","","N/A","N/A","N/A","N/A","N/A","N/A","","N/A","N/A","N/A","N/A","N/A","Likely","No","No","No","No","No","Yes","No","No","No","","299.47","83.41","","","","","","","","","","","73.39","","","","57.48","","","","46.25","","","","","","","","","38.94","",""
"176","2026-04-29 16:26:41","5","en","241423104","2026-04-29 16:14:06","2026-04-29 16:26:41","Yes","No","No","No","No","Yes","Yes","No","","50–249","Individual / Employee","N/A","N/A","N/A","N/A","N/A","N/A","N/A","","No","No","No","Yes","Yes","No","No","","Defined sustainability KPIs","N/A","N/A","N/A","N/A","","","N/A","N/A","N/A","N/A","N/A","5","5","5","5","4","No – energy is not a decision factor, even if related aspects (e.g., cost, performance) may matter.","Disagree","No","No","No","No","No","No","No","No","No","Yes","","Yes","Yes","No","No","Yes","No","","No","Never","No","Yes","Yes","Yes","Yes","No","No","No","No","No","No","No","No","No","","Yes, Scope 1, 2, and 3 are distinguished","N/A","N/A","N/A","N/A","N/A","","N/A","N/A","N/A","N/A","N/A","N/A","","N/A","N/A","N/A","N/A","N/A","Unlikely","No","No","No","No","No","Yes","No","No","Yes","","756.67","334.58","","","","","","","","","","","96.75","","","","83.83","","","","92.38","","","","","","","","","149.13","",""
"184","2026-04-30 09:10:47","5","en","814834472","2026-04-30 08:56:53","2026-04-30 09:10:47","Yes","No","No","No","No","No","No","Yes","","250–999","Group / Division / Unit","N/A","N/A","N/A","N/A","N/A","N/A","N/A","","No","No","No","No","No","Yes","No","","None","N/A","N/A","N/A","N/A","","","N/A","N/A","N/A","N/A","N/A","1","1","1","1","1","No – energy is not a decision factor, even if related aspects (e.g., cost, performance) may matter.","Neither agree nor disagree","No","No","No","No","No","No","No","No","No","No","Lack of details in hardware specifications","Yes","No","No","No","No","No","","No","Never","No","No","No","No","No","No","No","No","No","No","No","No","No","No","","","N/A","N/A","N/A","N/A","N/A","","N/A","N/A","N/A","N/A","N/A","N/A","","N/A","N/A","N/A","N/A","N/A","Unlikely","No","Yes","No","No","No","No","No","No","No","","836.29","130.14","","","","","","","","","","","119.13","","","","363.62","","","","56.87","","","","","","","","","166.53","",""
"185","2026-04-30 09:31:18","5","en","1025344044","2026-04-30 09:26:25","2026-04-30 09:31:18","No","No","Yes","No","No","No","No","Yes","","250–999","Company / Organization","N/A","N/A","N/A","N/A","N/A","N/A","N/A","","No","No","No","No","No","No","No","none","None","N/A","N/A","N/A","N/A","","","N/A","N/A","N/A","N/A","N/A","1","1","5","5","3","No – energy is not a decision factor, even if related aspects (e.g., cost, performance) may matter.","Strongly disagree","No","No","No","No","No","No","No","No","No","Yes","","No","No","No","No","No","No","we do not see any need","No","Never","No","No","No","No","No","No","No","No","No","No","No","No","No","No","none","","N/A","N/A","N/A","N/A","N/A","","N/A","N/A","N/A","N/A","N/A","N/A","","N/A","N/A","N/A","N/A","N/A","Strongly unlikely","No","Yes","No","No","Yes","No","No","No","No","","295","99.36","","","","","","","","","","","48.84","","","","70.36","","","","38.03","","","","","","","","","38.41","",""
"189","2026-05-01 15:22:23","5","en","1523557101","2026-05-01 15:11:58","2026-05-01 15:22:23","Yes","Yes","Yes","No","No","No","Yes","No","","1–49","Individual / Employee","Yes","No","Yes","No","Yes","No","No","","No","No","No","Yes","No","No","No","","Ad hoc pilots","No","No","Yes","No","Modular monolith","","Yes","No","No","No","No","2","4","4","4","4","No – energy is not a decision factor, even if related aspects (e.g., cost, performance) may matter.","Agree","No","Yes","Yes","Yes","Yes","Yes","No","No","No","No","","Yes","Yes","Yes","No","Yes","No","","Yes","Never","No","No","No","No","No","No","No","Yes","Yes","No","No","Yes","Yes","Yes","","","No","No","No","No","Yes","","Yes","No","No","Yes","No","No","","No","Yes","No","Yes","No","Unlikely","Yes","Yes","No","No","Yes","No","No","Yes","No","","627.48","256.42","","","","","","","","","","","63.03","","","","108.86","","","","149.73","","","","","","","","","49.44","",""
"190","2026-05-03 12:25:45","5","en","1507162193","2026-05-03 12:18:04","2026-05-03 12:25:45","No","Yes","No","No","No","No","Yes","Yes","","50–249","I do not know","No","No","No","No","No","No","No","infrastructure","No","No","No","No","No","No","No","","None","No","Yes","Yes","No","","","Yes","Yes","Yes","Yes","Yes","1","2","4","5","5","No – energy is not a decision factor, even if related aspects (e.g., cost, performance) may matter.","Neither agree nor disagree","No","No","No","No","No","No","No","No","No","Yes","","No","No","Yes","Yes","No","Yes","","Yes","Random / ad hoc","No","Yes","No","No","No","No","No","Yes","Yes","Yes","Yes","Yes","Yes","Yes","","","No","No","No","No","Yes","","Yes","No","No","No","No","No","","No","Yes","No","No","No","Unlikely","No","Yes","Yes","Yes","No","Yes","No","No","No","","464.16","207.21","","","","","","","","","","","56.63","","","","65.3","","","","92.53","","","","","","","","","42.49","",""
"195","2026-05-04 13:48:48","5","en","500739267","2026-05-04 13:40:11","2026-05-04 13:48:48","Yes","Yes","No","No","No","Yes","No","No","Research, High-Performance Computing","1000–4999","Team","No","No","No","Yes","Yes","No","Yes","","No","No","No","Yes","Yes","Yes","No","","Ad hoc pilots","No","Yes","Yes","No","Other","Distributed computing","Yes","No","Yes","No","No","4","5","4","5","2","Yes – we consider energy explicitly (e.g., measurements, performance indicators, feedback).","Strongly agree","No","No","No","No","Yes","Yes","No","No","Yes","No","","No","No","Yes","Yes","No","No","","No","Random / ad hoc","Yes","Yes","Yes","Yes","No","No","No","Yes","Yes","Yes","Yes","No","No","No","","No, CO₂e is measured without scope differentiation","No","No","Yes","No","No","","Yes","No","Yes","No","No","No","","Yes","Yes","No","No","No","Unlikely","No","Yes","Yes","No","No","No","No","No","No","","519.19","243.42","","","","","","","","","","","44.1","","","","58.74","","","","141.25","","","","","","","","","31.68","",""
"197","2026-05-04 17:56:56","5","en","4332321","2026-05-04 17:30:21","2026-05-04 17:56:56","Yes","No","No","Yes","No","Yes","No","Yes","","50–249","Company / Organization","N/A","N/A","N/A","N/A","N/A","N/A","N/A","","No","No","No","Yes","Yes","Yes","No","","Integrated into the Software Development Life Cycle (SDLC)","N/A","N/A","N/A","N/A","","","N/A","N/A","N/A","N/A","N/A","5","3","5","5","4","No – energy is not a decision factor, even if related aspects (e.g., cost, performance) may matter.","Disagree","No","No","No","No","No","No","No","No","No","Yes","","No","Yes","No","No","No","No","","Yes","Never","No","No","No","No","No","No","No","No","No","No","Yes","Yes","Yes","Yes","","","N/A","N/A","N/A","N/A","N/A","","N/A","N/A","N/A","N/A","N/A","N/A","","N/A","N/A","N/A","N/A","N/A","Unlikely","No","No","No","No","No","No","No","Yes","Yes","","1597.79","168.99","","","","","","","","","","","295.36","","","","350.79","","","","618.72","","","","","","","","","163.93","",""
"198","2026-05-04 20:58:51","5","en","1879814191","2026-05-04 20:48:09","2026-05-04 20:58:51","No","Yes","No","No","No","No","Yes","Yes","","50–249","I do not know","Yes","Yes","No","Yes","No","No","No","","No","Yes","Yes","No","No","Yes","No","","Ad hoc pilots","No","Yes","Yes","No","Modular monolith","","No","Yes","No","No","No","1","2","3","5","2","Yes – we consider energy explicitly (e.g., measurements, performance indicators, feedback).","Agree","No","No","No","No","No","No","No","No","No","Yes","","No","No","Yes","No","No","No","","Yes","Random / ad hoc","No","Yes","No","No","No","No","No","Yes","Yes","Yes","Yes","Yes","Yes","Yes","","","No","No","Yes","Yes","Yes","","Yes","No","No","No","No","No","","No","Yes","Yes","No","No","Unlikely","Yes","Yes","No","No","No","No","No","No","No","","644.33","256.54","","","","","","","","","","","82.57","","","","146.83","","","","108.52","","","","","","","","","49.87","",""
"202","2026-05-09 12:42:22","5","en","534986927","2026-05-09 12:36:26","2026-05-09 12:42:21","Yes","No","No","No","No","Yes","No","Yes","","1–49","Company / Organization","N/A","N/A","N/A","N/A","N/A","N/A","N/A","","No","No","No","No","No","No","No","Leadership team","I do not know","N/A","N/A","N/A","N/A","","","N/A","N/A","N/A","N/A","N/A","1","1","5","5","5","No – energy is not a decision factor, even if related aspects (e.g., cost, performance) may matter.","Neither agree nor disagree","No","Yes","No","No","Yes","No","No","No","No","No","","No","No","No","No","Yes","No","","Yes","Never","No","No","No","No","No","No","No","Yes","No","No","Yes","Yes","No","No","","","N/A","N/A","N/A","N/A","N/A","","N/A","N/A","N/A","N/A","N/A","N/A","","N/A","N/A","N/A","N/A","N/A","Strongly unlikely","Yes","No","Yes","No","Yes","Yes","No","No","No","","296.96","58.62","","","","","","","","","","","60.6","","","","91.59","","","","44.14","","","","","","","","","42.01","",""
"203","2026-05-14 07:09:47","5","en","1372455033","2026-05-14 06:58:12","2026-05-14 07:09:47","No","Yes","No","No","No","No","No","Yes","","5000+","Department","Yes","No","No","No","No","No","No","","Yes","Yes","No","Yes","No","No","No","","I do not know","No","Yes","No","No","Modular monolith","","Yes","No","Yes","No","No","4","4","4","5","5","No – energy is not a decision factor, even if related aspects (e.g., cost, performance) may matter.","Strongly agree","No","No","Yes","Yes","No","No","No","No","No","No","","No","Yes","No","Yes","No","No","","No","Random / ad hoc","Yes","No","No","Yes","Yes","No","No","Yes","Yes","No","No","No","Yes","Yes","","Not sure / unknown","Yes","No","Yes","No","No","","No","Yes","No","Yes","No","No","","Yes","No","Yes","No","No","Neither likely nor unlikely","Yes","No","No","Yes","No","Yes","No","No","Yes","","696.62","237.76","","","","","","","","","","","78.83","","","","139.04","","","","190.97","","","","","","","","","50.02","",""
"209","2026-05-19 17:56:47","5","en","943939218","2026-05-19 17:20:56","2026-05-19 17:56:47","No","Yes","No","No","No","Yes","Yes","No","","50–249","Group / Division / Unit","Yes","No","No","Yes","Yes","No","Yes","","No","No","No","No","No","No","No","we are researchers so we do it all kinda","Ad hoc pilots","No","Yes","Yes","Yes","Other","i usually work on simulations/optimizations","Yes","No","Yes","No","Yes","4","4","2","3","5","Yes – we consider energy explicitly (e.g., measurements, performance indicators, feedback).","Neither agree nor disagree","No","No","No","No","Yes","No","No","No","No","No","in my case, we use the lack of ground truth and etc to try to develop some of those, for example","Yes","No","No","Yes","Yes","No","","Yes","Regularly","Yes","Yes","Yes","No","No","No","No","No","No","No","No","No","No","No","","","No","No","No","No","Yes","","No","No","No","No","No","No","it really depends on the work being done","No","No","No","Yes","No","Likely","No","Yes","Yes","No","No","No","Yes","No","Yes","","2153.42","1799.21","","","","","","","","","","","29.08","","","","85.84","","","","204.73","","","","","","","","","34.56","",""
"211","2026-05-20 14:21:46","5","en","872461743","2026-05-20 14:13:20","2026-05-20 14:21:46","Yes","No","No","No","No","No","Yes","No","","250–999","Department","N/A","N/A","N/A","N/A","N/A","N/A","N/A","","No","Yes","No","No","No","Yes","No","","Defined sustainability KPIs","N/A","N/A","N/A","N/A","","","N/A","N/A","N/A","N/A","N/A","3","3","4","5","3","Yes – we consider energy explicitly (e.g., measurements, performance indicators, feedback).","Agree","No","No","No","No","No","No","No","No","No","Yes","","Yes","No","No","No","No","No","","No","Regularly","Yes","Yes","Yes","Yes","No","No","No","Yes","Yes","Yes","Yes","Yes","Yes","Yes","","No, CO₂e is measured without scope differentiation","N/A","N/A","N/A","N/A","N/A","","N/A","N/A","N/A","N/A","N/A","N/A","","N/A","N/A","N/A","N/A","N/A","Neither likely nor unlikely","Yes","Yes","Yes","No","No","Yes","Yes","No","No","","379.1","84.18","","","","","","","","","","","90.05","","","","71.58","","","","88.96","","","","","","","","","44.33","",""
"212","2026-05-20 18:57:48","5","en","478000061","2026-05-20 18:49:12","2026-05-20 18:57:48","Yes","No","No","Yes","No","Yes","No","No","","50–249","Company / Organization","N/A","N/A","N/A","N/A","N/A","N/A","N/A","","Yes","Yes","No","Yes","No","Yes","No","","Defined sustainability KPIs","N/A","N/A","N/A","N/A","","","N/A","N/A","N/A","N/A","N/A","3","3","4","4","5","No – energy is not a decision factor, even if related aspects (e.g., cost, performance) may matter.","Neither agree nor disagree","Yes","No","No","No","Yes","No","No","Yes","No","No","","Yes","No","Yes","Yes","No","Yes","","Yes","Random / ad hoc","No","No","No","No","No","Yes","No","No","No","No","Yes","Yes","No","No","","","N/A","N/A","N/A","N/A","N/A","","N/A","N/A","N/A","N/A","N/A","N/A","","N/A","N/A","N/A","N/A","N/A","Neither likely nor unlikely","Yes","Yes","No","No","No","No","No","Yes","Yes","","401.28","100.42","","","","","","","","","","","80.28","","","","107.83","","","","49.16","","","","","","","","","63.59","",""
"213","2026-05-21 22:38:24","5","en","339031954","2026-05-21 22:33:10","2026-05-21 22:38:24","Yes","Yes","No","No","Yes","No","Yes","No","","250–999","Department","No","Yes","Yes","No","Yes","Yes","No","","Yes","Yes","No","No","No","No","No","","Ad hoc pilots","Yes","Yes","Yes","No","Modular monolith","","Yes","No","Yes","No","No","5","5","3","3","2","Yes – we consider energy explicitly (e.g., measurements, performance indicators, feedback).","Strongly agree","Yes","Yes","No","No","No","No","No","No","No","No","","Yes","No","No","No","No","Yes","","Yes","Random / ad hoc","Yes","Yes","Yes","No","No","No","No","Yes","No","No","No","No","No","No","","","Yes","No","No","No","No","","Yes","Yes","No","No","No","Yes","","No","Yes","Yes","No","No","Likely","Yes","Yes","No","No","Yes","No","No","No","Yes","","316.36","119.62","","","","","","","","","","","30.65","","","","57.35","","","","69.32","","","","","","","","","39.42","",""
"224","2026-05-24 10:23:01","5","en","978234872","2026-05-24 10:05:50","2026-05-24 10:23:01","Yes","Yes","Yes","No","No","No","No","Yes","","250–999","Team","Yes","No","No","No","No","No","No","","No","No","No","No","No","Yes","No","","None","No","No","No","No","Monolithic","","Yes","No","No","No","No","3","3","2","2","3","No – energy is not a decision factor, even if related aspects (e.g., cost, performance) may matter.","Disagree","Yes","No","No","No","No","No","No","No","No","No","","Yes","No","No","No","No","No","","Yes","Random / ad hoc","No","No","No","No","No","No","No","No","No","No","No","No","No","No","","","No","No","No","No","Yes","","Yes","No","No","No","No","No","","No","Yes","No","No","No","Strongly unlikely","No","Yes","No","No","No","No","No","No","No","","1033.57","472.54","","","","","","","","","","","116.94","","","","136.79","","","","244.86","","","","","","","","","62.44","",""
"225","2026-05-24 22:39:01","5","en","513054861","2026-05-24 22:34:04","2026-05-24 22:39:01","No","Yes","No","No","No","No","No","No","Research Demonstrators","1–49","Team","No","No","No","No","No","Yes","No","","Yes","No","No","No","No","No","No","","Integrated into the Software Development Life Cycle (SDLC)","Yes","No","Yes","No","Monolithic","","Yes","No","No","No","No","4","4","2","4","3","Yes – we consider energy explicitly (e.g., measurements, performance indicators, feedback).","Agree","Yes","No","No","No","Yes","No","No","No","No","No","","Yes","Yes","No","No","No","No","","No","Random / ad hoc","Yes","Yes","Yes","No","No","No","No","Yes","Yes","Yes","Yes","No","Yes","No","","","Yes","No","Yes","Yes","No","","Yes","No","No","Yes","No","No","","No","Yes","No","No","No","Likely","No","No","Yes","No","Yes","No","No","No","No","","299.06","115.42","","","","","","","","","","","34.3","","","","39.04","","","","92.67","","","","","","","","","17.63","",""
"229","2026-06-01 13:45:40","5","en","1463525192","2026-06-01 13:23:36","2026-06-01 13:45:40","Yes","Yes","No","No","No","No","Yes","No","","250–999","Group / Division / Unit","Yes","No","Yes","Yes","No","No","No","","Yes","Yes","Yes","Yes","Yes","Yes","No","","Ad hoc pilots","No","Yes","No","No","Modular monolith","","Yes","No","No","No","No","2","2","5","5","5","No – energy is not a decision factor, even if related aspects (e.g., cost, performance) may matter.","Strongly agree","Yes","Yes","Yes","Yes","No","No","No","No","Yes","No","","Yes","Yes","Yes","Yes","Yes","Yes","","Yes","Regularly","No","No","No","No","No","No","No","Yes","Yes","Yes","Yes","Yes","Yes","Yes","","","No","No","Yes","No","No","","Yes","Yes","No","Yes","Yes","No","","Yes","No","Yes","No","No","Neither likely nor unlikely","Yes","Yes","Yes","Yes","Yes","Yes","Yes","Yes","Yes","","1326.53","398.58","","","","","","","","","","","96.34","","","","428.34","","","","271.56","","","","","","","","","131.71","",""
"230","2026-06-01 17:24:57","5","en","1581183430","2026-06-01 17:16:17","2026-06-01 17:24:57","No","Yes","No","Yes","No","No","No","Yes","","250–999","Company / Organization","No","Yes","No","Yes","No","No","No","","Yes","No","No","No","No","Yes","No","","None","No","Yes","Yes","No","Modular monolith","","No","Yes","No","No","No","1","2","4","4","4","No – energy is not a decision factor, even if related aspects (e.g., cost, performance) may matter.","Agree","No","Yes","No","No","No","Yes","No","Yes","No","No","","Yes","Yes","No","No","No","No","","Yes","Random / ad hoc","No","No","No","No","No","No","No","Yes","Yes","Yes","Yes","Yes","Yes","No","","","Yes","No","No","Yes","No","","Yes","Yes","Yes","No","No","No","","No","No","Yes","No","No","Unlikely","Yes","Yes","No","No","No","No","Yes","No","No","","521.47","178.92","","","","","","","","","","","56.97","","","","68.05","","","","137.8","","","","","","","","","79.73","",""
"232","2026-06-02 09:32:04","5","en","760320167","2026-06-02 09:22:49","2026-06-02 09:32:04","Yes","Yes","No","No","No","Yes","Yes","No","","5000+","Individual / Employee","Yes","Yes","No","No","No","No","No","UI","No","No","No","No","No","No","No","no one cares","None","No","Yes","Yes","No","Monolithic","","No","No","No","No","Yes","1","1","1","2","5","No – energy is not a decision factor, even if related aspects (e.g., cost, performance) may matter.","Strongly agree","No","No","No","No","No","No","No","No","No","No","no one gives a fuck","No","Yes","No","No","No","Yes","","Yes","Never","No","No","No","No","No","No","No","No","No","No","No","No","No","Yes","","","No","No","No","No","No","","No","No","No","No","No","No","","No","No","Yes","No","No","Strongly unlikely","Yes","No","Yes","Yes","Yes","No","No","No","Yes","","558.04","213.6","","","","","","","","","","","91.27","","","","59.5","","","","122.48","","","","","","","","","71.19","",""
"233","2026-06-02 11:00:45","5","en","1488864325","2026-06-02 10:59:07","2026-06-02 11:00:45","No","Yes","No","No","No","No","Yes","No","","50–249","I do not know","No","No","Yes","Yes","No","No","No","","No","No","No","No","No","No","No","","I do not know","No","Yes","No","No","","","No","Yes","Yes","No","No","5","5","4","4","4","No – energy is not a decision factor, even if related aspects (e.g., cost, performance) may matter.","Agree","No","Yes","Yes","No","No","Yes","No","No","No","No","","No","Yes","Yes","No","No","No","","Yes","Never","No","No","No","No","No","No","No","No","No","No","No","No","No","No","","","No","Yes","No","No","No","","No","No","No","No","No","No","","No","N/A","N/A","N/A","N/A","Likely","No","No","No","No","Yes","Yes","No","No","No","","102.44","36.82","","","","","","","","","","","8.87","","","","20.69","","","","24.21","","","","","","","","","11.85","",""
"236","2026-06-08 19:24:16","5","en","1449538859","2026-06-08 19:16:56","2026-06-08 19:24:16","No","Yes","No","No","No","No","Yes","No","Enterprise System ","5000+","Company / Organization","No","No","Yes","Yes","No","No","Yes","","Yes","Yes","Yes","No","No","Yes","Yes","","Integrated into the Software Development Life Cycle (SDLC)","No","No","Yes","No","Microservices","","No","Yes","No","No","No","4","3","5","5","5","Yes – we consider energy explicitly (e.g., measurements, performance indicators, feedback).","Neither agree nor disagree","No","No","No","No","Yes","Yes","No","No","Yes","No","","Yes","Yes","Yes","No","No","No","","Yes","Regularly","No","No","Yes","No","No","Yes","No","Yes","Yes","Yes","Yes","Yes","No","Yes","","","No","No","Yes","Yes","No","","Yes","No","No","No","No","No","","No","Yes","Yes","No","No","Strongly unlikely","Yes","Yes","No","No","No","No","No","No","Yes","","441.32","146.44","","","","","","","","","","","51.01","","","","69.92","","","","98.33","","","","","","","","","75.62","",""
"238","2026-06-10 10:27:26","5","en","852407568","2026-06-10 10:21:55","2026-06-10 10:27:25","Yes","No","Yes","No","No","Yes","No","Yes","","1000–4999","Individual / Employee","N/A","N/A","N/A","N/A","N/A","N/A","N/A","","No","No","No","No","No","Yes","Yes","","None","N/A","N/A","N/A","N/A","","","N/A","N/A","N/A","N/A","N/A","1","2","5","1","1","No – energy is not a decision factor, even if related aspects (e.g., cost, performance) may matter.","Strongly agree","No","No","No","No","No","No","No","No","No","Yes","","Yes","Yes","No","Yes","Yes","No","","No","Random / ad hoc","Yes","No","No","No","No","No","No","No","No","No","Yes","No","No","No","","","N/A","N/A","N/A","N/A","N/A","","N/A","N/A","N/A","N/A","N/A","N/A","","N/A","N/A","N/A","N/A","N/A","Strongly likely","No","Yes","No","Yes","No","No","No","Yes","Yes","","332.27","77","","","","","","","","","","","44.08","","","","51.46","","","","45.73","","","","","","","","","114","",""
"240","2026-06-16 10:35:48","5","en","500335403","2026-06-16 10:23:56","2026-06-16 10:35:48","No","No","Yes","No","Yes","Yes","Yes","Yes","","250–999","I do not know","N/A","N/A","N/A","N/A","N/A","N/A","N/A","","Yes","Yes","Yes","Yes","Yes","Yes","Yes","","I do not know","N/A","N/A","N/A","N/A","","","N/A","N/A","N/A","N/A","N/A","4","4","5","","","Yes – we consider energy explicitly (e.g., measurements, performance indicators, feedback).","Strongly agree","No","No","No","No","No","No","No","No","No","No","Costs","No","Yes","No","No","No","No","","Yes","Regularly","No","No","No","No","No","No","No","Yes","No","No","No","No","No","No","","","N/A","N/A","N/A","N/A","N/A","","N/A","N/A","N/A","N/A","N/A","N/A","","N/A","N/A","N/A","N/A","N/A","Likely","No","No","No","No","No","No","No","No","No",".","714.48","120.57","","","","","","","","","","","130.33","","","","298.67","","","","83.19","","","","","","","","","81.72","",""
"242","2026-06-18 10:19:40","5","en","2081080482","2026-06-18 10:13:56","2026-06-18 10:19:40","Yes","No","No","No","No","No","No","Yes","Production and logistics systems","5000+","Company / Organization","N/A","N/A","N/A","N/A","N/A","N/A","N/A","","Yes","No","No","Yes","Yes","Yes","No","","Ad hoc pilots","N/A","N/A","N/A","N/A","","","N/A","N/A","N/A","N/A","N/A","4","4","5","4","4","No – energy is not a decision factor, even if related aspects (e.g., cost, performance) may matter.","Neither agree nor disagree","Yes","Yes","No","No","Yes","Yes","No","No","Yes","No","Lack of relevance in Digitalization strategy","Yes","Yes","No","No","No","No","Mandat from Management or strategy","Yes","Never","No","No","No","No","No","No","No","No","Yes","No","Yes","Yes","No","No","ROI and costs","","N/A","N/A","N/A","N/A","N/A","","N/A","N/A","N/A","N/A","N/A","N/A","","N/A","N/A","N/A","N/A","N/A","Neither likely nor unlikely","Yes","No","No","No","No","No","No","Yes","Yes","","346.2","82.42","","","","","","","","","","","45.28","","","","118.43","","","","66.72","","","","","","","","","33.35","",""
"245","2026-06-24 13:39:18","5","en","986605368","2026-06-24 13:23:47","2026-06-24 13:39:18","No","Yes","No","No","No","Yes","Yes","No","","5000+","I do not know","Yes","Yes","Yes","No","No","No","No","","No","No","No","No","No","No","No","green software metrics aren't applicable ","None","No","No","Yes","Yes","Microservices","","No","No","Yes","Yes","Yes","","","3","4","5","No – energy is not a decision factor, even if related aspects (e.g., cost, performance) may matter.","Neither agree nor disagree","No","No","No","No","Yes","No","No","Yes","Yes","No","","No","Yes","No","No","No","Yes","","Yes","Never","No","No","No","No","No","No","No","Yes","Yes","Yes","Yes","Yes","Yes","Yes","","","No","No","No","No","No","","No","No","No","No","No","No","","No","Yes","No","No","No","Unlikely","Yes","Yes","Yes","Yes","Yes","Yes","Yes","Yes","Yes","","932.28","303.49","","","","","","","","","","","122.47","","","","201.2","","","","214.66","","","","","","","","","90.46","",""
"247","2026-07-01 18:38:58","5","en","178692244","2026-07-01 18:31:36","2026-07-01 18:38:58","No","Yes","No","No","No","No","Yes","Yes","","5000+","Company / Organization","No","Yes","Yes","Yes","No","Yes","Yes","","No","Yes","Yes","Yes","Yes","Yes","No","","Defined sustainability KPIs","No","Yes","Yes","Yes","Other","All of the above","No","No","No","Yes","Yes","5","5","5","2","5","Yes – we consider energy explicitly (e.g., measurements, performance indicators, feedback).","Strongly agree","No","Yes","No","No","No","No","No","No","No","No","limited visibility into AI energy consumption. not provided by hyperscalers!","No","No","No","No","No","No","better transparency from hyper scalers","Yes","Regularly","Yes","Yes","Yes","Yes","Yes","Yes","Yes","Yes","Yes","Yes","No","Yes","Yes","No","","Yes, Scope 1, 2, and 3 are distinguished","No","No","Yes","Yes","No","","Yes","Yes","Yes","Yes","Yes","Yes","","Yes","No","Yes","Yes","Yes","Unlikely","Yes","No","No","No","Yes","Yes","Yes","No","Yes","","443.66","263.58","","","","","","","","","","","53.69","","","","48.11","","","","57.07","","","","","","","","","21.21","",""
"248","2026-07-03 08:42:01","5","en","1276088758","2026-07-03 08:33:53","2026-07-03 08:42:01","Yes","No","No","Yes","Yes","Yes","Yes","Yes","","5000+","Team","N/A","N/A","N/A","N/A","N/A","N/A","N/A","","Yes","Yes","Yes","Yes","Yes","Yes","Yes","","Defined sustainability KPIs","N/A","N/A","N/A","N/A","","","N/A","N/A","N/A","N/A","N/A","4","4","4","4","4","Yes – we consider energy explicitly (e.g., measurements, performance indicators, feedback).","Agree","No","Yes","No","No","No","No","Yes","No","No","No","","No","No","No","No","No","Yes","","Yes","Random / ad hoc","Yes","Yes","Yes","Yes","No","No","No","Yes","Yes","No","No","No","No","No","","Yes, Scope 1, 2, and 3 are distinguished","N/A","N/A","N/A","N/A","N/A","","N/A","N/A","N/A","N/A","N/A","N/A","","N/A","N/A","N/A","N/A","N/A","Neither likely nor unlikely","Yes","Yes","Yes","Yes","Yes","Yes","Yes","Yes","Yes","","490.22","146.24","","","","","","","","","","","77.01","","","","110.87","","","","98.29","","","","","","","","","57.81","",""
"260","2026-07-08 14:21:54","5","en","1578884569","2026-07-08 14:10:31","2026-07-08 14:21:54","Yes","No","No","Yes","Yes","Yes","Yes","No","","50–249","Company / Organization","N/A","N/A","N/A","N/A","N/A","N/A","N/A","","Yes","Yes","Yes","No","No","Yes","Yes","","Integrated into the Software Development Life Cycle (SDLC)","N/A","N/A","N/A","N/A","","","N/A","N/A","N/A","N/A","N/A","5","4","5","5","5","No – energy is not a decision factor, even if related aspects (e.g., cost, performance) may matter.","Agree","No","No","No","No","Yes","No","No","No","No","Yes","","No","No","Yes","No","No","No","","No","Regularly","Yes","No","No","Yes","No","No","No","No","No","No","No","No","No","No","","Not sure / unknown","N/A","N/A","N/A","N/A","N/A","","N/A","N/A","N/A","N/A","N/A","N/A","","N/A","N/A","N/A","N/A","N/A","Neither likely nor unlikely","Yes","No","No","No","No","No","No","No","No","","686.27","301.87","","","","","","","","","","","58.37","","","","101.37","","","","152.94","","","","","","","","","71.72","",""
"265","2026-07-09 17:38:04","5","en","1344892486","2026-07-09 17:20:47","2026-07-09 17:38:04","No","Yes","No","No","No","Yes","Yes","Yes","","50–249","Team","Yes","No","Yes","Yes","No","No","No","","Yes","Yes","Yes","No","No","No","No","","Ad hoc pilots","No","No","Yes","Yes","Microservices","","No","No","No","Yes","Yes","3","2","5","4","5","No – energy is not a decision factor, even if related aspects (e.g., cost, performance) may matter.","Strongly agree","Yes","No","Yes","No","No","Yes","Yes","Yes","No","No","","No","Yes","No","Yes","No","Yes","","Yes","Never","No","No","No","Yes","No","Yes","No","Yes","Yes","Yes","No","Yes","Yes","Yes","","Partially (e.g., only selected scopes)","No","No","No","No","Yes","","No","No","Yes","Yes","No","Yes","","No","No","No","Yes","Yes","Strongly likely","Yes","No","Yes","Yes","Yes","Yes","No","Yes","Yes","","1039.6","311.05","","","","","","","","","","","134.21","","","","269.75","","","","224.8","","","","","","","","","99.79","",""
"268","2026-07-13 15:09:52","5","en","1021789473","2026-07-13 15:03:06","2026-07-13 15:09:52","Yes","No","No","No","No","Yes","Yes","No","","1000–4999","I do not know","N/A","N/A","N/A","N/A","N/A","N/A","N/A","","No","No","No","No","No","No","No","","I do not know","N/A","N/A","N/A","N/A","","","N/A","N/A","N/A","N/A","N/A","4","4","5","3","5","No – energy is not a decision factor, even if related aspects (e.g., cost, performance) may matter.","Strongly agree","Yes","No","No","Yes","Yes","Yes","No","No","No","No","","Yes","No","No","No","No","No","","No","Random / ad hoc","No","No","No","No","No","No","No","Yes","Yes","Yes","Yes","No","No","No","","","N/A","N/A","N/A","N/A","N/A","","N/A","N/A","N/A","N/A","N/A","N/A","","N/A","N/A","N/A","N/A","N/A","Neither likely nor unlikely","Yes","No","No","Yes","No","Yes","No","No","No","","407.96","123.1","","","","","","","","","","","75.56","","","","70.22","","","","65.44","","","","","","","","","73.64","",""
"273","2026-07-13 21:17:50","5","en","1194436358","2026-07-13 21:06:11","2026-07-13 21:17:50","No","Yes","No","No","Yes","Yes","Yes","No","","1000–4999","Department","Yes","Yes","Yes","Yes","No","No","No","","No","No","No","Yes","Yes","No","No","","None","No","No","Yes","Yes","Modular monolith","","No","No","No","Yes","No","5","4","5","4","5","No – energy is not a decision factor, even if related aspects (e.g., cost, performance) may matter.","Agree","No","No","Yes","Yes","Yes","Yes","No","No","No","No","","Yes","Yes","No","Yes","Yes","Yes","","Yes","Never","No","No","No","No","No","No","No","Yes","Yes","Yes","Yes","Yes","Yes","Yes","","","No","No","Yes","No","Yes","","Yes","No","Yes","No","No","No","","Yes","No","No","Yes","No","Unlikely","Yes","No","Yes","Yes","No","No","No","No","Yes","","699.6","391.28","","","","","","","","","","","48.31","","","","80.02","","","","120.41","","","","","","","","","59.58","",""
"274","2026-07-14 07:41:00","5","en","1424272739","2026-07-14 07:35:55","2026-07-14 07:41:00","No","Yes","No","No","No","No","No","No","Infrastructure & AI","5000+","Company / Organization","Yes","Yes","Yes","Yes","Yes","No","No","","No","No","No","No","Yes","No","No","","None","No","No","Yes","Yes","Microservices","","No","No","No","Yes","Yes","1","1","5","4","3","No – energy is not a decision factor, even if related aspects (e.g., cost, performance) may matter.","Agree","Yes","Yes","No","Yes","Yes","No","No","No","Yes","No","","Yes","Yes","Yes","Yes","No","Yes","","Yes","Never","No","No","No","No","No","No","No","Yes","Yes","Yes","Yes","Yes","Yes","Yes","","","No","No","No","No","Yes","","Yes","No","No","No","No","No","","No","Yes","No","No","No","Unlikely","Yes","Yes","No","Yes","No","Yes","No","No","No","","362.09","108.03","","","","","","","","","","","39.14","","","","51.17","","","","129.83","","","","","","","","","33.92","",""
"276","2026-07-14 21:07:42","5","en","334613131","2026-07-14 21:02:12","2026-07-14 21:07:42","No","Yes","No","No","No","No","Yes","No","","250–999","Company / Organization","Yes","Yes","No","Yes","No","No","No","","No","No","No","Yes","No","No","No","","Ad hoc pilots","No","Yes","No","No","Microservices","","Yes","No","No","No","No","4","4","4","4","4","No – energy is not a decision factor, even if related aspects (e.g., cost, performance) may matter.","Neither agree nor disagree","No","No","No","No","No","No","No","No","No","Yes","","No","Yes","Yes","No","No","No","","Yes","Never","No","No","No","No","No","No","No","No","No","No","No","No","No","No","","","No","No","No","No","No","","No","No","No","No","No","No","","No","No","No","No","Yes","Unlikely","Yes","Yes","No","No","No","Yes","No","No","No","","333.69","143.55","","","","","","","","","","","29.57","","","","90.73","","","","52.89","","","","","","","","","16.95","",""
"278","2026-07-16 16:05:29","5","en","796400591","2026-07-16 15:53:40","2026-07-16 16:05:29","No","Yes","No","No","No","Yes","Yes","Yes","","1–49","Individual / Employee","No","Yes","No","No","No","Yes","No","","No","Yes","Yes","No","No","No","No","","Integrated into the Software Development Life Cycle (SDLC)","No","Yes","Yes","No","Modular monolith","","No","No","Yes","No","Yes","5","5","1","4","4","No – energy is not a decision factor, even if related aspects (e.g., cost, performance) may matter.","Agree","No","Yes","No","No","No","No","No","No","Yes","No","","Yes","No","No","No","Yes","No","","Yes","Regularly","No","Yes","Yes","No","No","No","No","No","No","No","No","No","No","No","","","Yes","No","No","No","No","","Yes","No","No","Yes","No","Yes","","No","No","No","Yes","No","Neither likely nor unlikely","Yes","Yes","No","No","No","Yes","No","No","No","","709.85","248.67","","","","","","","","","","","104.7","","","","156.47","","","","157.98","","","","","","","","","42.03","",""
"285","2026-07-16 18:56:10","5","en","971786125","2026-07-16 18:47:45","2026-07-16 18:56:09","No","Yes","No","Yes","No","No","No","Yes","","1000–4999","I do not know","Yes","No","Yes","Yes","No","No","No","","No","No","No","No","No","No","No","","None","Yes","Yes","Yes","No","Monolithic","","Yes","No","No","Yes","No","","","5","3","4","No – energy is not a decision factor, even if related aspects (e.g., cost, performance) may matter.","Agree","No","No","No","No","Yes","Yes","No","Yes","No","No","","Yes","No","No","No","Yes","No","","Yes","Never","No","No","No","No","No","No","No","No","No","No","No","No","No","Yes","","","No","No","No","No","No","","Yes","Yes","No","No","Yes","No","","No","Yes","No","No","No","Neither likely nor unlikely","No","Yes","Yes","Yes","Yes","No","No","No","Yes","","507.01","145.23","","","","","","","","","","","92.3","","","","85.44","","","","122.04","","","","","","","","","62","",""
"288","2026-07-16 19:17:36","5","en","306474667","2026-07-16 18:47:47","2026-07-16 19:17:36","Yes","Yes","No","Yes","Yes","Yes","Yes","No","","5000+","Group / Division / Unit","Yes","Yes","Yes","No","No","No","No","","No","No","No","Yes","Yes","No","No","","I do not know","No","No","Yes","Yes","Microservices","","No","No","No","Yes","Yes","1","2","1","3","2","No – energy is not a decision factor, even if related aspects (e.g., cost, performance) may matter.","Agree","No","No","No","No","No","No","No","No","No","No","Cost (Efforts, know how) vs. Benefit ","Yes","Yes","Yes","No","Yes","Yes","","Yes","Never","No","No","No","No","No","No","No","Yes","Yes","Yes","Yes","Yes","Yes","Yes","","","No","Yes","Yes","No","No","","No","No","Yes","Yes","Yes","No","","Yes","No","No","Yes","Yes","Unlikely","Yes","No","Yes","Yes","Yes","No","No","Yes","Yes","","1790","1193.05","","","","","","","","","","","186.26","","","","144.18","","","","168.04","","","","","","","","","98.47","",""
"293","2026-07-16 21:02:53","5","en","1781475288","2026-07-16 20:49:00","2026-07-16 21:02:53","No","Yes","No","No","Yes","Yes","No","No","","5000+","I do not know","Yes","Yes","Yes","Yes","Yes","Yes","Yes","","Yes","Yes","No","No","No","No","No","","Ad hoc pilots","Yes","Yes","Yes","Yes","Microservices","","Yes","Yes","Yes","Yes","Yes","3","3","4","4","3","No – energy is not a decision factor, even if related aspects (e.g., cost, performance) may matter.","Disagree","Yes","Yes","No","No","Yes","No","No","Yes","Yes","No","","Yes","Yes","Yes","Yes","Yes","Yes","","No","Never","No","No","No","No","No","No","No","Yes","Yes","Yes","Yes","Yes","Yes","Yes","","","No","No","No","No","Yes","","Yes","Yes","Yes","Yes","Yes","Yes","","No","No","No","Yes","No","Unlikely","Yes","Yes","Yes","Yes","Yes","Yes","Yes","Yes","Yes","","836.76","115.8","","","","","","","","","","","86.77","","","","123.59","","","","388.74","","","","","","","","","121.86","",""
"296","2026-07-17 21:50:16","5","en","916603147","2026-07-17 21:41:29","2026-07-17 21:50:16","No","Yes","No","No","No","Yes","Yes","Yes","","1000–4999","I do not know","Yes","Yes","Yes","Yes","No","No","No","","No","No","No","Yes","No","No","Yes","","I do not know","No","Yes","Yes","Yes","Monolithic","","No","No","No","Yes","Yes","","","4","5","5","No – energy is not a decision factor, even if related aspects (e.g., cost, performance) may matter.","Agree","Yes","Yes","No","No","Yes","No","No","Yes","No","No","No priority from leadership","Yes","Yes","Yes","No","Yes","Yes","","Yes","Never","No","No","No","No","No","No","No","Yes","Yes","Yes","Yes","Yes","Yes","Yes","","","No","No","No","No","No","","No","No","No","No","No","No","","No","No","No","Yes","Yes","Unlikely","Yes","No","No","Yes","No","Yes","Yes","No","Yes","","529.71","256.55","","","","","","","","","","","49.32","","","","84.66","","","","97.39","","","","","","","","","41.79","",""

